task_id,variant,mode,correct,mask,span,metric,hit_count,query_count,coverage
0,compact_kv,qabs8cand5reuse,1,current,key,all,0,11648,0.0
0,compact_kv,qabs8cand5reuse,1,current,key,any,4607,11648,0.39551854395604397
0,compact_kv,qabs8cand5reuse,1,current,record,all,0,11648,0.0
0,compact_kv,qabs8cand5reuse,1,current,record,any,6255,11648,0.5370020604395604
0,compact_kv,qabs8cand5reuse,1,final,key,all,0,11648,0.0
0,compact_kv,qabs8cand5reuse,1,final,key,any,3911,11648,0.3357657967032967
0,compact_kv,qabs8cand5reuse,1,final,record,all,0,11648,0.0
0,compact_kv,qabs8cand5reuse,1,final,record,any,5685,11648,0.4880666208791209
0,compact_kv,qabs8cand5reuse,1,union,key,all,0,11648,0.0
0,compact_kv,qabs8cand5reuse,1,union,key,any,6294,11648,0.5403502747252747
0,compact_kv,qabs8cand5reuse,1,union,record,all,0,11648,0.0
0,compact_kv,qabs8cand5reuse,1,union,record,any,7728,11648,0.6634615384615384
1,compact_kv,qabs8cand5reuse,1,current,key,all,0,10752,0.0
1,compact_kv,qabs8cand5reuse,1,current,key,any,8843,10752,0.8224516369047619
1,compact_kv,qabs8cand5reuse,1,current,record,all,0,10752,0.0
1,compact_kv,qabs8cand5reuse,1,current,record,any,9022,10752,0.8390997023809523
1,compact_kv,qabs8cand5reuse,1,final,key,all,219,10752,0.020368303571428572
1,compact_kv,qabs8cand5reuse,1,final,key,any,10752,10752,1.0
1,compact_kv,qabs8cand5reuse,1,final,record,all,29,10752,0.002697172619047619
1,compact_kv,qabs8cand5reuse,1,final,record,any,10752,10752,1.0
1,compact_kv,qabs8cand5reuse,1,union,key,all,474,10752,0.04408482142857143
1,compact_kv,qabs8cand5reuse,1,union,key,any,10697,10752,0.9948846726190477
1,compact_kv,qabs8cand5reuse,1,union,record,all,135,10752,0.012555803571428572
1,compact_kv,qabs8cand5reuse,1,union,record,any,10705,10752,0.9956287202380952
2,compact_kv,qabs8cand5reuse,1,current,key,all,0,11200,0.0
2,compact_kv,qabs8cand5reuse,1,current,key,any,2715,11200,0.24241071428571428
2,compact_kv,qabs8cand5reuse,1,current,record,all,0,11200,0.0
2,compact_kv,qabs8cand5reuse,1,current,record,any,4983,11200,0.44491071428571427
2,compact_kv,qabs8cand5reuse,1,final,key,all,0,11200,0.0
2,compact_kv,qabs8cand5reuse,1,final,key,any,1940,11200,0.1732142857142857
2,compact_kv,qabs8cand5reuse,1,final,record,all,0,11200,0.0
2,compact_kv,qabs8cand5reuse,1,final,record,any,4204,11200,0.37535714285714283
2,compact_kv,qabs8cand5reuse,1,union,key,all,0,11200,0.0
2,compact_kv,qabs8cand5reuse,1,union,key,any,4079,11200,0.3641964285714286
2,compact_kv,qabs8cand5reuse,1,union,record,all,0,11200,0.0
2,compact_kv,qabs8cand5reuse,1,union,record,any,6721,11200,0.6000892857142858
3,compact_kv,qabs8cand5reuse,0,current,key,all,0,10752,0.0
3,compact_kv,qabs8cand5reuse,0,current,key,any,1806,10752,0.16796875
3,compact_kv,qabs8cand5reuse,0,current,record,all,0,10752,0.0
3,compact_kv,qabs8cand5reuse,0,current,record,any,2550,10752,0.23716517857142858
3,compact_kv,qabs8cand5reuse,0,final,key,all,0,10752,0.0
3,compact_kv,qabs8cand5reuse,0,final,key,any,1167,10752,0.10853794642857142
3,compact_kv,qabs8cand5reuse,0,final,record,all,0,10752,0.0
3,compact_kv,qabs8cand5reuse,0,final,record,any,1756,10752,0.16331845238095238
3,compact_kv,qabs8cand5reuse,0,union,key,all,0,10752,0.0
3,compact_kv,qabs8cand5reuse,0,union,key,any,2891,10752,0.2688802083333333
3,compact_kv,qabs8cand5reuse,0,union,record,all,0,10752,0.0
3,compact_kv,qabs8cand5reuse,0,union,record,any,3988,10752,0.3709077380952381
4,compact_kv,qabs8cand5reuse,1,current,key,all,0,10752,0.0
4,compact_kv,qabs8cand5reuse,1,current,key,any,1867,10752,0.17364211309523808
4,compact_kv,qabs8cand5reuse,1,current,record,all,0,10752,0.0
4,compact_kv,qabs8cand5reuse,1,current,record,any,3172,10752,0.29501488095238093
4,compact_kv,qabs8cand5reuse,1,final,key,all,0,10752,0.0
4,compact_kv,qabs8cand5reuse,1,final,key,any,1370,10752,0.12741815476190477
4,compact_kv,qabs8cand5reuse,1,final,record,all,0,10752,0.0
4,compact_kv,qabs8cand5reuse,1,final,record,any,2470,10752,0.22972470238095238
4,compact_kv,qabs8cand5reuse,1,union,key,all,0,10752,0.0
4,compact_kv,qabs8cand5reuse,1,union,key,any,3096,10752,0.28794642857142855
4,compact_kv,qabs8cand5reuse,1,union,record,all,0,10752,0.0
4,compact_kv,qabs8cand5reuse,1,union,record,any,4797,10752,0.44614955357142855
5,compact_kv,qabs8cand5reuse,0,current,key,all,0,11200,0.0
5,compact_kv,qabs8cand5reuse,0,current,key,any,1690,11200,0.15089285714285713
5,compact_kv,qabs8cand5reuse,0,current,record,all,0,11200,0.0
5,compact_kv,qabs8cand5reuse,0,current,record,any,2217,11200,0.19794642857142858
5,compact_kv,qabs8cand5reuse,0,final,key,all,0,11200,0.0
5,compact_kv,qabs8cand5reuse,0,final,key,any,1008,11200,0.09
5,compact_kv,qabs8cand5reuse,0,final,record,all,0,11200,0.0
5,compact_kv,qabs8cand5reuse,0,final,record,any,1305,11200,0.11651785714285715
5,compact_kv,qabs8cand5reuse,0,union,key,all,0,11200,0.0
5,compact_kv,qabs8cand5reuse,0,union,key,any,2770,11200,0.24732142857142858
5,compact_kv,qabs8cand5reuse,0,union,record,all,0,11200,0.0
5,compact_kv,qabs8cand5reuse,0,union,record,any,3447,11200,0.30776785714285715
6,compact_kv,qabs8cand5reuse,1,current,key,all,0,11200,0.0
6,compact_kv,qabs8cand5reuse,1,current,key,any,2360,11200,0.21071428571428572
6,compact_kv,qabs8cand5reuse,1,current,record,all,0,11200,0.0
6,compact_kv,qabs8cand5reuse,1,current,record,any,3175,11200,0.28348214285714285
6,compact_kv,qabs8cand5reuse,1,final,key,all,0,11200,0.0
6,compact_kv,qabs8cand5reuse,1,final,key,any,1572,11200,0.14035714285714285
6,compact_kv,qabs8cand5reuse,1,final,record,all,0,11200,0.0
6,compact_kv,qabs8cand5reuse,1,final,record,any,2204,11200,0.19678571428571429
6,compact_kv,qabs8cand5reuse,1,union,key,all,0,11200,0.0
6,compact_kv,qabs8cand5reuse,1,union,key,any,3613,11200,0.3225892857142857
6,compact_kv,qabs8cand5reuse,1,union,record,all,0,11200,0.0
6,compact_kv,qabs8cand5reuse,1,union,record,any,4636,11200,0.4139285714285714
7,compact_kv,qabs8cand5reuse,0,current,key,all,0,11648,0.0
7,compact_kv,qabs8cand5reuse,0,current,key,any,3310,11648,0.28416895604395603
7,compact_kv,qabs8cand5reuse,0,current,record,all,0,11648,0.0
7,compact_kv,qabs8cand5reuse,0,current,record,any,4238,11648,0.3638392857142857
7,compact_kv,qabs8cand5reuse,0,final,key,all,1,11648,8.585164835164836e-05
7,compact_kv,qabs8cand5reuse,0,final,key,any,5393,11648,0.46299793956043955
7,compact_kv,qabs8cand5reuse,0,final,record,all,1,11648,8.585164835164836e-05
7,compact_kv,qabs8cand5reuse,0,final,record,any,6986,11648,0.5997596153846154
7,compact_kv,qabs8cand5reuse,0,union,key,all,1,11648,8.585164835164836e-05
7,compact_kv,qabs8cand5reuse,0,union,key,any,7028,11648,0.6033653846153846
7,compact_kv,qabs8cand5reuse,0,union,record,all,1,11648,8.585164835164836e-05
7,compact_kv,qabs8cand5reuse,0,union,record,any,8423,11648,0.7231284340659341
8,compact_kv,qabs8cand5reuse,1,current,key,all,0,11200,0.0
8,compact_kv,qabs8cand5reuse,1,current,key,any,2117,11200,0.18901785714285715
8,compact_kv,qabs8cand5reuse,1,current,record,all,0,11200,0.0
8,compact_kv,qabs8cand5reuse,1,current,record,any,2860,11200,0.25535714285714284
8,compact_kv,qabs8cand5reuse,1,final,key,all,0,11200,0.0
8,compact_kv,qabs8cand5reuse,1,final,key,any,1301,11200,0.11616071428571428
8,compact_kv,qabs8cand5reuse,1,final,record,all,0,11200,0.0
8,compact_kv,qabs8cand5reuse,1,final,record,any,1766,11200,0.15767857142857142
8,compact_kv,qabs8cand5reuse,1,union,key,all,0,11200,0.0
8,compact_kv,qabs8cand5reuse,1,union,key,any,3291,11200,0.2938392857142857
8,compact_kv,qabs8cand5reuse,1,union,record,all,0,11200,0.0
8,compact_kv,qabs8cand5reuse,1,union,record,any,4246,11200,0.37910714285714286
9,compact_kv,qabs8cand5reuse,0,current,key,all,0,11648,0.0
9,compact_kv,qabs8cand5reuse,0,current,key,any,2224,11648,0.19093406593406592
9,compact_kv,qabs8cand5reuse,0,current,record,all,0,11648,0.0
9,compact_kv,qabs8cand5reuse,0,current,record,any,2912,11648,0.25
9,compact_kv,qabs8cand5reuse,0,final,key,all,0,11648,0.0
9,compact_kv,qabs8cand5reuse,0,final,key,any,1291,11648,0.11083447802197802
9,compact_kv,qabs8cand5reuse,0,final,record,all,0,11648,0.0
9,compact_kv,qabs8cand5reuse,0,final,record,any,1705,11648,0.14637706043956045
9,compact_kv,qabs8cand5reuse,0,union,key,all,0,11648,0.0
9,compact_kv,qabs8cand5reuse,0,union,key,any,3391,11648,0.29112293956043955
9,compact_kv,qabs8cand5reuse,0,union,record,all,0,11648,0.0
9,compact_kv,qabs8cand5reuse,0,union,record,any,4270,11648,0.36658653846153844
10,compact_kv,qabs8cand5reuse,1,current,key,all,0,11200,0.0
10,compact_kv,qabs8cand5reuse,1,current,key,any,2578,11200,0.23017857142857143
10,compact_kv,qabs8cand5reuse,1,current,record,all,0,11200,0.0
10,compact_kv,qabs8cand5reuse,1,current,record,any,3105,11200,0.27723214285714287
10,compact_kv,qabs8cand5reuse,1,final,key,all,0,11200,0.0
10,compact_kv,qabs8cand5reuse,1,final,key,any,1872,11200,0.16714285714285715
10,compact_kv,qabs8cand5reuse,1,final,record,all,0,11200,0.0
10,compact_kv,qabs8cand5reuse,1,final,record,any,2280,11200,0.20357142857142857
10,compact_kv,qabs8cand5reuse,1,union,key,all,0,11200,0.0
10,compact_kv,qabs8cand5reuse,1,union,key,any,4054,11200,0.36196428571428574
10,compact_kv,qabs8cand5reuse,1,union,record,all,0,11200,0.0
10,compact_kv,qabs8cand5reuse,1,union,record,any,4772,11200,0.42607142857142855
11,compact_kv,qabs8cand5reuse,1,current,key,all,0,11648,0.0
11,compact_kv,qabs8cand5reuse,1,current,key,any,4474,11648,0.38410027472527475
11,compact_kv,qabs8cand5reuse,1,current,record,all,0,11648,0.0
11,compact_kv,qabs8cand5reuse,1,current,record,any,6222,11648,0.5341689560439561
11,compact_kv,qabs8cand5reuse,1,final,key,all,0,11648,0.0
11,compact_kv,qabs8cand5reuse,1,final,key,any,3838,11648,0.32949862637362637
11,compact_kv,qabs8cand5reuse,1,final,record,all,0,11648,0.0
11,compact_kv,qabs8cand5reuse,1,final,record,any,5516,11648,0.4735576923076923
11,compact_kv,qabs8cand5reuse,1,union,key,all,0,11648,0.0
11,compact_kv,qabs8cand5reuse,1,union,key,any,6240,11648,0.5357142857142857
11,compact_kv,qabs8cand5reuse,1,union,record,all,0,11648,0.0
11,compact_kv,qabs8cand5reuse,1,union,record,any,7680,11648,0.6593406593406593
12,compact_kv,qabs8cand5reuse,1,current,key,all,0,11200,0.0
12,compact_kv,qabs8cand5reuse,1,current,key,any,3210,11200,0.28660714285714284
12,compact_kv,qabs8cand5reuse,1,current,record,all,0,11200,0.0
12,compact_kv,qabs8cand5reuse,1,current,record,any,4242,11200,0.37875
12,compact_kv,qabs8cand5reuse,1,final,key,all,0,11200,0.0
12,compact_kv,qabs8cand5reuse,1,final,key,any,2500,11200,0.22321428571428573
12,compact_kv,qabs8cand5reuse,1,final,record,all,0,11200,0.0
12,compact_kv,qabs8cand5reuse,1,final,record,any,3449,11200,0.30794642857142857
12,compact_kv,qabs8cand5reuse,1,union,key,all,0,11200,0.0
12,compact_kv,qabs8cand5reuse,1,union,key,any,4780,11200,0.42678571428571427
12,compact_kv,qabs8cand5reuse,1,union,record,all,0,11200,0.0
12,compact_kv,qabs8cand5reuse,1,union,record,any,5984,11200,0.5342857142857143
13,compact_kv,qabs8cand5reuse,0,current,key,all,0,11200,0.0
13,compact_kv,qabs8cand5reuse,0,current,key,any,2119,11200,0.18919642857142857
13,compact_kv,qabs8cand5reuse,0,current,record,all,0,11200,0.0
13,compact_kv,qabs8cand5reuse,0,current,record,any,2632,11200,0.235
13,compact_kv,qabs8cand5reuse,0,final,key,all,0,11200,0.0
13,compact_kv,qabs8cand5reuse,0,final,key,any,1457,11200,0.1300892857142857
13,compact_kv,qabs8cand5reuse,0,final,record,all,0,11200,0.0
13,compact_kv,qabs8cand5reuse,0,final,record,any,1763,11200,0.1574107142857143
13,compact_kv,qabs8cand5reuse,0,union,key,all,0,11200,0.0
13,compact_kv,qabs8cand5reuse,0,union,key,any,3387,11200,0.3024107142857143
13,compact_kv,qabs8cand5reuse,0,union,record,all,0,11200,0.0
13,compact_kv,qabs8cand5reuse,0,union,record,any,4088,11200,0.365
14,compact_kv,qabs8cand5reuse,1,current,key,all,0,11648,0.0
14,compact_kv,qabs8cand5reuse,1,current,key,any,2564,11648,0.22012362637362637
14,compact_kv,qabs8cand5reuse,1,current,record,all,0,11648,0.0
14,compact_kv,qabs8cand5reuse,1,current,record,any,3256,11648,0.27953296703296704
14,compact_kv,qabs8cand5reuse,1,final,key,all,0,11648,0.0
14,compact_kv,qabs8cand5reuse,1,final,key,any,1678,11648,0.14405906593406592
14,compact_kv,qabs8cand5reuse,1,final,record,all,0,11648,0.0
14,compact_kv,qabs8cand5reuse,1,final,record,any,2168,11648,0.18612637362637363
14,compact_kv,qabs8cand5reuse,1,union,key,all,0,11648,0.0
14,compact_kv,qabs8cand5reuse,1,union,key,any,4026,11648,0.34563873626373626
14,compact_kv,qabs8cand5reuse,1,union,record,all,0,11648,0.0
14,compact_kv,qabs8cand5reuse,1,union,record,any,4953,11648,0.4252232142857143
15,compact_kv,qabs8cand5reuse,1,current,key,all,0,11200,0.0
15,compact_kv,qabs8cand5reuse,1,current,key,any,2015,11200,0.17991071428571428
15,compact_kv,qabs8cand5reuse,1,current,record,all,0,11200,0.0
15,compact_kv,qabs8cand5reuse,1,current,record,any,3469,11200,0.30973214285714284
15,compact_kv,qabs8cand5reuse,1,final,key,all,0,11200,0.0
15,compact_kv,qabs8cand5reuse,1,final,key,any,1342,11200,0.11982142857142856
15,compact_kv,qabs8cand5reuse,1,final,record,all,0,11200,0.0
15,compact_kv,qabs8cand5reuse,1,final,record,any,2593,11200,0.23151785714285714
15,compact_kv,qabs8cand5reuse,1,union,key,all,0,11200,0.0
15,compact_kv,qabs8cand5reuse,1,union,key,any,3251,11200,0.29026785714285713
15,compact_kv,qabs8cand5reuse,1,union,record,all,0,11200,0.0
15,compact_kv,qabs8cand5reuse,1,union,record,any,5159,11200,0.460625
0,json_kv,qabs8cand5reuse,0,current,key,all,0,13440,0.0
0,json_kv,qabs8cand5reuse,0,current,key,any,3007,13440,0.22373511904761906
0,json_kv,qabs8cand5reuse,0,current,label,all,678,13440,0.05044642857142857
0,json_kv,qabs8cand5reuse,0,current,label,any,678,13440,0.05044642857142857
0,json_kv,qabs8cand5reuse,0,current,record,all,0,13440,0.0
0,json_kv,qabs8cand5reuse,0,current,record,any,6940,13440,0.5163690476190477
0,json_kv,qabs8cand5reuse,0,final,key,all,0,13440,0.0
0,json_kv,qabs8cand5reuse,0,final,key,any,2731,13440,0.20319940476190476
0,json_kv,qabs8cand5reuse,0,final,label,all,548,13440,0.040773809523809525
0,json_kv,qabs8cand5reuse,0,final,label,any,548,13440,0.040773809523809525
0,json_kv,qabs8cand5reuse,0,final,record,all,0,13440,0.0
0,json_kv,qabs8cand5reuse,0,final,record,any,5881,13440,0.4375744047619048
0,json_kv,qabs8cand5reuse,0,union,key,all,0,13440,0.0
0,json_kv,qabs8cand5reuse,0,union,key,any,4856,13440,0.3613095238095238
0,json_kv,qabs8cand5reuse,0,union,label,all,1174,13440,0.08735119047619047
0,json_kv,qabs8cand5reuse,0,union,label,any,1174,13440,0.08735119047619047
0,json_kv,qabs8cand5reuse,0,union,record,all,0,13440,0.0
0,json_kv,qabs8cand5reuse,0,union,record,any,9423,13440,0.7011160714285715
1,json_kv,qabs8cand5reuse,1,current,key,all,0,13888,0.0
1,json_kv,qabs8cand5reuse,1,current,key,any,2653,13888,0.19102822580645162
1,json_kv,qabs8cand5reuse,1,current,label,all,1501,13888,0.10807891705069124
1,json_kv,qabs8cand5reuse,1,current,label,any,1501,13888,0.10807891705069124
1,json_kv,qabs8cand5reuse,1,current,record,all,0,13888,0.0
1,json_kv,qabs8cand5reuse,1,current,record,any,7399,13888,0.5327620967741935
1,json_kv,qabs8cand5reuse,1,final,key,all,0,13888,0.0
1,json_kv,qabs8cand5reuse,1,final,key,any,2224,13888,0.16013824884792627
1,json_kv,qabs8cand5reuse,1,final,label,all,1614,13888,0.11621543778801843
1,json_kv,qabs8cand5reuse,1,final,label,any,1614,13888,0.11621543778801843
1,json_kv,qabs8cand5reuse,1,final,record,all,0,13888,0.0
1,json_kv,qabs8cand5reuse,1,final,record,any,6735,13888,0.48495103686635943
1,json_kv,qabs8cand5reuse,1,union,key,all,0,13888,0.0
1,json_kv,qabs8cand5reuse,1,union,key,any,4399,13888,0.3167482718894009
1,json_kv,qabs8cand5reuse,1,union,label,all,2657,13888,0.19131624423963134
1,json_kv,qabs8cand5reuse,1,union,label,any,2657,13888,0.19131624423963134
1,json_kv,qabs8cand5reuse,1,union,record,all,0,13888,0.0
1,json_kv,qabs8cand5reuse,1,union,record,any,9966,13888,0.7175979262672811
2,json_kv,qabs8cand5reuse,1,current,key,all,0,12992,0.0
2,json_kv,qabs8cand5reuse,1,current,key,any,2538,12992,0.19535098522167488
2,json_kv,qabs8cand5reuse,1,current,label,all,2109,12992,0.16233066502463053
2,json_kv,qabs8cand5reuse,1,current,label,any,2109,12992,0.16233066502463053
2,json_kv,qabs8cand5reuse,1,current,record,all,0,12992,0.0
2,json_kv,qabs8cand5reuse,1,current,record,any,6922,12992,0.5327894088669951
2,json_kv,qabs8cand5reuse,1,final,key,all,0,12992,0.0
2,json_kv,qabs8cand5reuse,1,final,key,any,2461,12992,0.18942426108374386
2,json_kv,qabs8cand5reuse,1,final,label,all,2099,12992,0.161560960591133
2,json_kv,qabs8cand5reuse,1,final,label,any,2099,12992,0.161560960591133
2,json_kv,qabs8cand5reuse,1,final,record,all,0,12992,0.0
2,json_kv,qabs8cand5reuse,1,final,record,any,6070,12992,0.46721059113300495
2,json_kv,qabs8cand5reuse,1,union,key,all,0,12992,0.0
2,json_kv,qabs8cand5reuse,1,union,key,any,4384,12992,0.3374384236453202
2,json_kv,qabs8cand5reuse,1,union,label,all,3297,12992,0.25377155172413796
2,json_kv,qabs8cand5reuse,1,union,label,any,3297,12992,0.25377155172413796
2,json_kv,qabs8cand5reuse,1,union,record,all,0,12992,0.0
2,json_kv,qabs8cand5reuse,1,union,record,any,9255,12992,0.7123614532019704
3,json_kv,qabs8cand5reuse,1,current,key,all,0,12992,0.0
3,json_kv,qabs8cand5reuse,1,current,key,any,2802,12992,0.21567118226600984
3,json_kv,qabs8cand5reuse,1,current,label,all,1129,12992,0.08689963054187193
3,json_kv,qabs8cand5reuse,1,current,label,any,1129,12992,0.08689963054187193
3,json_kv,qabs8cand5reuse,1,current,record,all,0,12992,0.0
3,json_kv,qabs8cand5reuse,1,current,record,any,7275,12992,0.5599599753694581
3,json_kv,qabs8cand5reuse,1,final,key,all,0,12992,0.0
3,json_kv,qabs8cand5reuse,1,final,key,any,2593,12992,0.19958435960591134
3,json_kv,qabs8cand5reuse,1,final,label,all,1180,12992,0.09082512315270935
3,json_kv,qabs8cand5reuse,1,final,label,any,1180,12992,0.09082512315270935
3,json_kv,qabs8cand5reuse,1,final,record,all,0,12992,0.0
3,json_kv,qabs8cand5reuse,1,final,record,any,6655,12992,0.5122383004926109
3,json_kv,qabs8cand5reuse,1,union,key,all,0,12992,0.0
3,json_kv,qabs8cand5reuse,1,union,key,any,4599,12992,0.35398706896551724
3,json_kv,qabs8cand5reuse,1,union,label,all,1940,12992,0.14932266009852216
3,json_kv,qabs8cand5reuse,1,union,label,any,1940,12992,0.14932266009852216
3,json_kv,qabs8cand5reuse,1,union,record,all,0,12992,0.0
3,json_kv,qabs8cand5reuse,1,union,record,any,9341,12992,0.7189809113300493
4,json_kv,qabs8cand5reuse,1,current,key,all,0,13440,0.0
4,json_kv,qabs8cand5reuse,1,current,key,any,3203,13440,0.2383184523809524
4,json_kv,qabs8cand5reuse,1,current,label,all,955,13440,0.07105654761904762
4,json_kv,qabs8cand5reuse,1,current,label,any,955,13440,0.07105654761904762
4,json_kv,qabs8cand5reuse,1,current,record,all,0,13440,0.0
4,json_kv,qabs8cand5reuse,1,current,record,any,6903,13440,0.5136160714285715
4,json_kv,qabs8cand5reuse,1,final,key,all,0,13440,0.0
4,json_kv,qabs8cand5reuse,1,final,key,any,2617,13440,0.1947172619047619
4,json_kv,qabs8cand5reuse,1,final,label,all,966,13440,0.071875
4,json_kv,qabs8cand5reuse,1,final,label,any,966,13440,0.071875
4,json_kv,qabs8cand5reuse,1,final,record,all,0,13440,0.0
4,json_kv,qabs8cand5reuse,1,final,record,any,6368,13440,0.4738095238095238
4,json_kv,qabs8cand5reuse,1,union,key,all,1,13440,7.440476190476191e-05
4,json_kv,qabs8cand5reuse,1,union,key,any,5137,13440,0.3822172619047619
4,json_kv,qabs8cand5reuse,1,union,label,all,1715,13440,0.12760416666666666
4,json_kv,qabs8cand5reuse,1,union,label,any,1715,13440,0.12760416666666666
4,json_kv,qabs8cand5reuse,1,union,record,all,0,13440,0.0
4,json_kv,qabs8cand5reuse,1,union,record,any,9367,13440,0.6969494047619048
5,json_kv,qabs8cand5reuse,1,current,key,all,0,12544,0.0
5,json_kv,qabs8cand5reuse,1,current,key,any,2606,12544,0.20774872448979592
5,json_kv,qabs8cand5reuse,1,current,label,all,562,12544,0.044802295918367346
5,json_kv,qabs8cand5reuse,1,current,label,any,562,12544,0.044802295918367346
5,json_kv,qabs8cand5reuse,1,current,record,all,0,12544,0.0
5,json_kv,qabs8cand5reuse,1,current,record,any,6108,12544,0.48692602040816324
5,json_kv,qabs8cand5reuse,1,final,key,all,0,12544,0.0
5,json_kv,qabs8cand5reuse,1,final,key,any,2274,12544,0.18128188775510204
5,json_kv,qabs8cand5reuse,1,final,label,all,430,12544,0.034279336734693876
5,json_kv,qabs8cand5reuse,1,final,label,any,430,12544,0.034279336734693876
5,json_kv,qabs8cand5reuse,1,final,record,all,0,12544,0.0
5,json_kv,qabs8cand5reuse,1,final,record,any,5269,12544,0.4200414540816326
5,json_kv,qabs8cand5reuse,1,union,key,all,0,12544,0.0
5,json_kv,qabs8cand5reuse,1,union,key,any,4272,12544,0.3405612244897959
5,json_kv,qabs8cand5reuse,1,union,label,all,1051,12544,0.08378507653061225
5,json_kv,qabs8cand5reuse,1,union,label,any,1051,12544,0.08378507653061225
5,json_kv,qabs8cand5reuse,1,union,record,all,0,12544,0.0
5,json_kv,qabs8cand5reuse,1,union,record,any,8545,12544,0.6812021683673469
6,json_kv,qabs8cand5reuse,0,current,key,all,0,12992,0.0
6,json_kv,qabs8cand5reuse,0,current,key,any,2579,12992,0.1985067733990148
6,json_kv,qabs8cand5reuse,0,current,label,all,551,12992,0.04241071428571429
6,json_kv,qabs8cand5reuse,0,current,label,any,551,12992,0.04241071428571429
6,json_kv,qabs8cand5reuse,0,current,record,all,0,12992,0.0
6,json_kv,qabs8cand5reuse,0,current,record,any,5726,12992,0.44073275862068967
6,json_kv,qabs8cand5reuse,0,final,key,all,0,12992,0.0
6,json_kv,qabs8cand5reuse,0,final,key,any,2048,12992,0.15763546798029557
6,json_kv,qabs8cand5reuse,0,final,label,all,345,12992,0.026554802955665025
6,json_kv,qabs8cand5reuse,0,final,label,any,345,12992,0.026554802955665025
6,json_kv,qabs8cand5reuse,0,final,record,all,0,12992,0.0
6,json_kv,qabs8cand5reuse,0,final,record,any,4377,12992,0.33689963054187194
6,json_kv,qabs8cand5reuse,0,union,key,all,0,12992,0.0
6,json_kv,qabs8cand5reuse,0,union,key,any,4102,12992,0.31573275862068967
6,json_kv,qabs8cand5reuse,0,union,label,all,967,12992,0.07443041871921183
6,json_kv,qabs8cand5reuse,0,union,label,any,967,12992,0.07443041871921183
6,json_kv,qabs8cand5reuse,0,union,record,all,0,12992,0.0
6,json_kv,qabs8cand5reuse,0,union,record,any,8037,12992,0.6186114532019704
7,json_kv,qabs8cand5reuse,0,current,key,all,0,13440,0.0
7,json_kv,qabs8cand5reuse,0,current,key,any,2822,13440,0.2099702380952381
7,json_kv,qabs8cand5reuse,0,current,label,all,1035,13440,0.07700892857142858
7,json_kv,qabs8cand5reuse,0,current,label,any,1035,13440,0.07700892857142858
7,json_kv,qabs8cand5reuse,0,current,record,all,0,13440,0.0
7,json_kv,qabs8cand5reuse,0,current,record,any,7864,13440,0.5851190476190476
7,json_kv,qabs8cand5reuse,0,final,key,all,0,13440,0.0
7,json_kv,qabs8cand5reuse,0,final,key,any,2719,13440,0.20230654761904762
7,json_kv,qabs8cand5reuse,0,final,label,all,991,13440,0.07373511904761905
7,json_kv,qabs8cand5reuse,0,final,label,any,991,13440,0.07373511904761905
7,json_kv,qabs8cand5reuse,0,final,record,all,0,13440,0.0
7,json_kv,qabs8cand5reuse,0,final,record,any,7329,13440,0.5453125
7,json_kv,qabs8cand5reuse,0,union,key,all,0,13440,0.0
7,json_kv,qabs8cand5reuse,0,union,key,any,4653,13440,0.34620535714285716
7,json_kv,qabs8cand5reuse,0,union,label,all,1849,13440,0.13757440476190477
7,json_kv,qabs8cand5reuse,0,union,label,any,1849,13440,0.13757440476190477
7,json_kv,qabs8cand5reuse,0,union,record,all,0,13440,0.0
7,json_kv,qabs8cand5reuse,0,union,record,any,10145,13440,0.7548363095238095
8,json_kv,qabs8cand5reuse,0,current,key,all,3,12992,0.00023091133004926107
8,json_kv,qabs8cand5reuse,0,current,key,any,3618,12992,0.27847906403940886
8,json_kv,qabs8cand5reuse,0,current,label,all,928,12992,0.07142857142857142
8,json_kv,qabs8cand5reuse,0,current,label,any,928,12992,0.07142857142857142
8,json_kv,qabs8cand5reuse,0,current,record,all,0,12992,0.0
8,json_kv,qabs8cand5reuse,0,current,record,any,7463,12992,0.5744304187192119
8,json_kv,qabs8cand5reuse,0,final,key,all,0,12992,0.0
8,json_kv,qabs8cand5reuse,0,final,key,any,3578,12992,0.2754002463054187
8,json_kv,qabs8cand5reuse,0,final,label,all,818,12992,0.06296182266009852
8,json_kv,qabs8cand5reuse,0,final,label,any,818,12992,0.06296182266009852
8,json_kv,qabs8cand5reuse,0,final,record,all,0,12992,0.0
8,json_kv,qabs8cand5reuse,0,final,record,any,7528,12992,0.5794334975369458
8,json_kv,qabs8cand5reuse,0,union,key,all,6,12992,0.00046182266009852215
8,json_kv,qabs8cand5reuse,0,union,key,any,5780,12992,0.44488916256157635
8,json_kv,qabs8cand5reuse,0,union,label,all,1634,12992,0.12576970443349753
8,json_kv,qabs8cand5reuse,0,union,label,any,1634,12992,0.12576970443349753
8,json_kv,qabs8cand5reuse,0,union,record,all,0,12992,0.0
8,json_kv,qabs8cand5reuse,0,union,record,any,9646,12992,0.7424568965517241
9,json_kv,qabs8cand5reuse,1,current,key,all,0,13440,0.0
9,json_kv,qabs8cand5reuse,1,current,key,any,1964,13440,0.1461309523809524
9,json_kv,qabs8cand5reuse,1,current,label,all,1332,13440,0.09910714285714285
9,json_kv,qabs8cand5reuse,1,current,label,any,1332,13440,0.09910714285714285
9,json_kv,qabs8cand5reuse,1,current,record,all,0,13440,0.0
9,json_kv,qabs8cand5reuse,1,current,record,any,7049,13440,0.5244791666666667
9,json_kv,qabs8cand5reuse,1,final,key,all,0,13440,0.0
9,json_kv,qabs8cand5reuse,1,final,key,any,1415,13440,0.1052827380952381
9,json_kv,qabs8cand5reuse,1,final,label,all,1264,13440,0.09404761904761905
9,json_kv,qabs8cand5reuse,1,final,label,any,1264,13440,0.09404761904761905
9,json_kv,qabs8cand5reuse,1,final,record,all,0,13440,0.0
9,json_kv,qabs8cand5reuse,1,final,record,any,6050,13440,0.45014880952380953
9,json_kv,qabs8cand5reuse,1,union,key,all,0,13440,0.0
9,json_kv,qabs8cand5reuse,1,union,key,any,3052,13440,0.22708333333333333
9,json_kv,qabs8cand5reuse,1,union,label,all,2303,13440,0.17135416666666667
9,json_kv,qabs8cand5reuse,1,union,label,any,2303,13440,0.17135416666666667
9,json_kv,qabs8cand5reuse,1,union,record,all,0,13440,0.0
9,json_kv,qabs8cand5reuse,1,union,record,any,9346,13440,0.6953869047619048
10,json_kv,qabs8cand5reuse,1,current,key,all,5,13440,0.0003720238095238095
10,json_kv,qabs8cand5reuse,1,current,key,any,3510,13440,0.2611607142857143
10,json_kv,qabs8cand5reuse,1,current,label,all,911,13440,0.06778273809523809
10,json_kv,qabs8cand5reuse,1,current,label,any,911,13440,0.06778273809523809
10,json_kv,qabs8cand5reuse,1,current,record,all,0,13440,0.0
10,json_kv,qabs8cand5reuse,1,current,record,any,7313,13440,0.5441220238095238
10,json_kv,qabs8cand5reuse,1,final,key,all,0,13440,0.0
10,json_kv,qabs8cand5reuse,1,final,key,any,3590,13440,0.26711309523809523
10,json_kv,qabs8cand5reuse,1,final,label,all,891,13440,0.06629464285714286
10,json_kv,qabs8cand5reuse,1,final,label,any,891,13440,0.06629464285714286
10,json_kv,qabs8cand5reuse,1,final,record,all,0,13440,0.0
10,json_kv,qabs8cand5reuse,1,final,record,any,7521,13440,0.5595982142857143
10,json_kv,qabs8cand5reuse,1,union,key,all,8,13440,0.0005952380952380953
10,json_kv,qabs8cand5reuse,1,union,key,any,5828,13440,0.4336309523809524
10,json_kv,qabs8cand5reuse,1,union,label,all,1557,13440,0.11584821428571429
10,json_kv,qabs8cand5reuse,1,union,label,any,1557,13440,0.11584821428571429
10,json_kv,qabs8cand5reuse,1,union,record,all,0,13440,0.0
10,json_kv,qabs8cand5reuse,1,union,record,any,9683,13440,0.7204613095238095
11,json_kv,qabs8cand5reuse,1,current,key,all,0,13440,0.0
11,json_kv,qabs8cand5reuse,1,current,key,any,2953,13440,0.2197172619047619
11,json_kv,qabs8cand5reuse,1,current,label,all,813,13440,0.06049107142857143
11,json_kv,qabs8cand5reuse,1,current,label,any,813,13440,0.06049107142857143
11,json_kv,qabs8cand5reuse,1,current,record,all,0,13440,0.0
11,json_kv,qabs8cand5reuse,1,current,record,any,6799,13440,0.5058779761904761
11,json_kv,qabs8cand5reuse,1,final,key,all,0,13440,0.0
11,json_kv,qabs8cand5reuse,1,final,key,any,2488,13440,0.18511904761904763
11,json_kv,qabs8cand5reuse,1,final,label,all,828,13440,0.06160714285714286
11,json_kv,qabs8cand5reuse,1,final,label,any,828,13440,0.06160714285714286
11,json_kv,qabs8cand5reuse,1,final,record,all,0,13440,0.0
11,json_kv,qabs8cand5reuse,1,final,record,any,5922,13440,0.440625
11,json_kv,qabs8cand5reuse,1,union,key,all,0,13440,0.0
11,json_kv,qabs8cand5reuse,1,union,key,any,4803,13440,0.3573660714285714
11,json_kv,qabs8cand5reuse,1,union,label,all,1489,13440,0.11078869047619047
11,json_kv,qabs8cand5reuse,1,union,label,any,1489,13440,0.11078869047619047
11,json_kv,qabs8cand5reuse,1,union,record,all,0,13440,0.0
11,json_kv,qabs8cand5reuse,1,union,record,any,9363,13440,0.6966517857142858
12,json_kv,qabs8cand5reuse,0,current,key,all,0,12992,0.0
12,json_kv,qabs8cand5reuse,0,current,key,any,2633,12992,0.20266317733990147
12,json_kv,qabs8cand5reuse,0,current,label,all,1724,12992,0.13269704433497537
12,json_kv,qabs8cand5reuse,0,current,label,any,1724,12992,0.13269704433497537
12,json_kv,qabs8cand5reuse,0,current,record,all,0,12992,0.0
12,json_kv,qabs8cand5reuse,0,current,record,any,6709,12992,0.5163947044334976
12,json_kv,qabs8cand5reuse,0,final,key,all,0,12992,0.0
12,json_kv,qabs8cand5reuse,0,final,key,any,2233,12992,0.171875
12,json_kv,qabs8cand5reuse,0,final,label,all,1647,12992,0.12677032019704434
12,json_kv,qabs8cand5reuse,0,final,label,any,1647,12992,0.12677032019704434
12,json_kv,qabs8cand5reuse,0,final,record,all,0,12992,0.0
12,json_kv,qabs8cand5reuse,0,final,record,any,5776,12992,0.4445812807881773
12,json_kv,qabs8cand5reuse,0,union,key,all,0,12992,0.0
12,json_kv,qabs8cand5reuse,0,union,key,any,4398,12992,0.33851600985221675
12,json_kv,qabs8cand5reuse,0,union,label,all,2824,12992,0.21736453201970443
12,json_kv,qabs8cand5reuse,0,union,label,any,2824,12992,0.21736453201970443
12,json_kv,qabs8cand5reuse,0,union,record,all,0,12992,0.0
12,json_kv,qabs8cand5reuse,0,union,record,any,9099,12992,0.7003540640394089
13,json_kv,qabs8cand5reuse,0,current,key,all,0,13440,0.0
13,json_kv,qabs8cand5reuse,0,current,key,any,2200,13440,0.1636904761904762
13,json_kv,qabs8cand5reuse,0,current,label,all,1946,13440,0.14479166666666668
13,json_kv,qabs8cand5reuse,0,current,label,any,1946,13440,0.14479166666666668
13,json_kv,qabs8cand5reuse,0,current,record,all,0,13440,0.0
13,json_kv,qabs8cand5reuse,0,current,record,any,6802,13440,0.5061011904761905
13,json_kv,qabs8cand5reuse,0,final,key,all,0,13440,0.0
13,json_kv,qabs8cand5reuse,0,final,key,any,1748,13440,0.13005952380952382
13,json_kv,qabs8cand5reuse,0,final,label,all,2020,13440,0.15029761904761904
13,json_kv,qabs8cand5reuse,0,final,label,any,2020,13440,0.15029761904761904
13,json_kv,qabs8cand5reuse,0,final,record,all,0,13440,0.0
13,json_kv,qabs8cand5reuse,0,final,record,any,5874,13440,0.43705357142857143
13,json_kv,qabs8cand5reuse,0,union,key,all,0,13440,0.0
13,json_kv,qabs8cand5reuse,0,union,key,any,3636,13440,0.27053571428571427
13,json_kv,qabs8cand5reuse,0,union,label,all,3227,13440,0.24010416666666667
13,json_kv,qabs8cand5reuse,0,union,label,any,3227,13440,0.24010416666666667
13,json_kv,qabs8cand5reuse,0,union,record,all,0,13440,0.0
13,json_kv,qabs8cand5reuse,0,union,record,any,9266,13440,0.6894345238095239
14,json_kv,qabs8cand5reuse,1,current,key,all,0,13440,0.0
14,json_kv,qabs8cand5reuse,1,current,key,any,2064,13440,0.15357142857142858
14,json_kv,qabs8cand5reuse,1,current,label,all,1961,13440,0.1459077380952381
14,json_kv,qabs8cand5reuse,1,current,label,any,1961,13440,0.1459077380952381
14,json_kv,qabs8cand5reuse,1,current,record,all,0,13440,0.0
14,json_kv,qabs8cand5reuse,1,current,record,any,7536,13440,0.5607142857142857
14,json_kv,qabs8cand5reuse,1,final,key,all,0,13440,0.0
14,json_kv,qabs8cand5reuse,1,final,key,any,1603,13440,0.11927083333333334
14,json_kv,qabs8cand5reuse,1,final,label,all,2100,13440,0.15625
14,json_kv,qabs8cand5reuse,1,final,label,any,2100,13440,0.15625
14,json_kv,qabs8cand5reuse,1,final,record,all,0,13440,0.0
14,json_kv,qabs8cand5reuse,1,final,record,any,6653,13440,0.49501488095238094
14,json_kv,qabs8cand5reuse,1,union,key,all,0,13440,0.0
14,json_kv,qabs8cand5reuse,1,union,key,any,3259,13440,0.24248511904761905
14,json_kv,qabs8cand5reuse,1,union,label,all,3158,13440,0.2349702380952381
14,json_kv,qabs8cand5reuse,1,union,label,any,3158,13440,0.2349702380952381
14,json_kv,qabs8cand5reuse,1,union,record,all,0,13440,0.0
14,json_kv,qabs8cand5reuse,1,union,record,any,9607,13440,0.7148065476190476
15,json_kv,qabs8cand5reuse,1,current,key,all,0,12992,0.0
15,json_kv,qabs8cand5reuse,1,current,key,any,2915,12992,0.22436884236453203
15,json_kv,qabs8cand5reuse,1,current,label,all,1652,12992,0.1271551724137931
15,json_kv,qabs8cand5reuse,1,current,label,any,1652,12992,0.1271551724137931
15,json_kv,qabs8cand5reuse,1,current,record,all,0,12992,0.0
15,json_kv,qabs8cand5reuse,1,current,record,any,7434,12992,0.572198275862069
15,json_kv,qabs8cand5reuse,1,final,key,all,0,12992,0.0
15,json_kv,qabs8cand5reuse,1,final,key,any,2713,12992,0.20882081280788178
15,json_kv,qabs8cand5reuse,1,final,label,all,1584,12992,0.12192118226600986
15,json_kv,qabs8cand5reuse,1,final,label,any,1584,12992,0.12192118226600986
15,json_kv,qabs8cand5reuse,1,final,record,all,0,12992,0.0
15,json_kv,qabs8cand5reuse,1,final,record,any,6363,12992,0.48976293103448276
15,json_kv,qabs8cand5reuse,1,union,key,all,0,12992,0.0
15,json_kv,qabs8cand5reuse,1,union,key,any,4844,12992,0.3728448275862069
15,json_kv,qabs8cand5reuse,1,union,label,all,2637,12992,0.2029710591133005
15,json_kv,qabs8cand5reuse,1,union,label,any,2637,12992,0.2029710591133005
15,json_kv,qabs8cand5reuse,1,union,record,all,0,12992,0.0
15,json_kv,qabs8cand5reuse,1,union,record,any,9548,12992,0.7349137931034483
0,topic_table,qabs8cand5reuse,0,current,key,all,1,13440,7.440476190476191e-05
0,topic_table,qabs8cand5reuse,0,current,key,any,2550,13440,0.18973214285714285
0,topic_table,qabs8cand5reuse,0,current,record,all,0,13440,0.0
0,topic_table,qabs8cand5reuse,0,current,record,any,7643,13440,0.5686755952380952
0,topic_table,qabs8cand5reuse,0,final,key,all,1,13440,7.440476190476191e-05
0,topic_table,qabs8cand5reuse,0,final,key,any,2280,13440,0.16964285714285715
0,topic_table,qabs8cand5reuse,0,final,record,all,0,13440,0.0
0,topic_table,qabs8cand5reuse,0,final,record,any,7123,13440,0.529985119047619
0,topic_table,qabs8cand5reuse,0,union,key,all,2,13440,0.00014880952380952382
0,topic_table,qabs8cand5reuse,0,union,key,any,3921,13440,0.2917410714285714
0,topic_table,qabs8cand5reuse,0,union,record,all,0,13440,0.0
0,topic_table,qabs8cand5reuse,0,union,record,any,9356,13440,0.6961309523809524
1,topic_table,qabs8cand5reuse,1,current,key,all,6,12992,0.00046182266009852215
1,topic_table,qabs8cand5reuse,1,current,key,any,4507,12992,0.3469057881773399
1,topic_table,qabs8cand5reuse,1,current,record,all,0,12992,0.0
1,topic_table,qabs8cand5reuse,1,current,record,any,8260,12992,0.6357758620689655
1,topic_table,qabs8cand5reuse,1,final,key,all,1,12992,7.69704433497537e-05
1,topic_table,qabs8cand5reuse,1,final,key,any,4953,12992,0.38123460591133007
1,topic_table,qabs8cand5reuse,1,final,record,all,0,12992,0.0
1,topic_table,qabs8cand5reuse,1,final,record,any,10689,12992,0.8227370689655172
1,topic_table,qabs8cand5reuse,1,union,key,all,26,12992,0.0020012315270935962
1,topic_table,qabs8cand5reuse,1,union,key,any,6819,12992,0.5248614532019704
1,topic_table,qabs8cand5reuse,1,union,record,all,0,12992,0.0
1,topic_table,qabs8cand5reuse,1,union,record,any,11491,12992,0.8844673645320197
2,topic_table,qabs8cand5reuse,1,current,key,all,20,12544,0.0015943877551020409
2,topic_table,qabs8cand5reuse,1,current,key,any,4715,12544,0.37587691326530615
2,topic_table,qabs8cand5reuse,1,current,record,all,0,12544,0.0
2,topic_table,qabs8cand5reuse,1,current,record,any,10856,12544,0.8654336734693877
2,topic_table,qabs8cand5reuse,1,final,key,all,37,12544,0.0029496173469387753
2,topic_table,qabs8cand5reuse,1,final,key,any,4850,12544,0.3866390306122449
2,topic_table,qabs8cand5reuse,1,final,record,all,0,12544,0.0
2,topic_table,qabs8cand5reuse,1,final,record,any,12544,12544,1.0
2,topic_table,qabs8cand5reuse,1,union,key,all,80,12544,0.006377551020408163
2,topic_table,qabs8cand5reuse,1,union,key,any,6254,12544,0.49856505102040816
2,topic_table,qabs8cand5reuse,1,union,record,all,0,12544,0.0
2,topic_table,qabs8cand5reuse,1,union,record,any,12501,12544,0.9965720663265306
3,topic_table,qabs8cand5reuse,1,current,key,all,0,12992,0.0
3,topic_table,qabs8cand5reuse,1,current,key,any,2307,12992,0.17757081280788178
3,topic_table,qabs8cand5reuse,1,current,record,all,0,12992,0.0
3,topic_table,qabs8cand5reuse,1,current,record,any,6986,12992,0.5377155172413793
3,topic_table,qabs8cand5reuse,1,final,key,all,0,12992,0.0
3,topic_table,qabs8cand5reuse,1,final,key,any,1901,12992,0.14632081280788178
3,topic_table,qabs8cand5reuse,1,final,record,all,0,12992,0.0
3,topic_table,qabs8cand5reuse,1,final,record,any,6388,12992,0.4916871921182266
3,topic_table,qabs8cand5reuse,1,union,key,all,0,12992,0.0
3,topic_table,qabs8cand5reuse,1,union,key,any,3463,12992,0.26654864532019706
3,topic_table,qabs8cand5reuse,1,union,record,all,0,12992,0.0
3,topic_table,qabs8cand5reuse,1,union,record,any,9008,12992,0.6933497536945813
4,topic_table,qabs8cand5reuse,1,current,key,all,0,12992,0.0
4,topic_table,qabs8cand5reuse,1,current,key,any,2183,12992,0.16802647783251232
4,topic_table,qabs8cand5reuse,1,current,record,all,0,12992,0.0
4,topic_table,qabs8cand5reuse,1,current,record,any,6345,12992,0.48837746305418717
4,topic_table,qabs8cand5reuse,1,final,key,all,0,12992,0.0
4,topic_table,qabs8cand5reuse,1,final,key,any,1984,12992,0.15270935960591134
4,topic_table,qabs8cand5reuse,1,final,record,all,0,12992,0.0
4,topic_table,qabs8cand5reuse,1,final,record,any,5472,12992,0.4211822660098522
4,topic_table,qabs8cand5reuse,1,union,key,all,0,12992,0.0
4,topic_table,qabs8cand5reuse,1,union,key,any,3667,12992,0.2822506157635468
4,topic_table,qabs8cand5reuse,1,union,record,all,0,12992,0.0
4,topic_table,qabs8cand5reuse,1,union,record,any,8657,12992,0.6663331280788177
5,topic_table,qabs8cand5reuse,0,current,key,all,0,13440,0.0
5,topic_table,qabs8cand5reuse,0,current,key,any,2336,13440,0.1738095238095238
5,topic_table,qabs8cand5reuse,0,current,record,all,0,13440,0.0
5,topic_table,qabs8cand5reuse,0,current,record,any,5963,13440,0.44367559523809524
5,topic_table,qabs8cand5reuse,0,final,key,all,0,13440,0.0
5,topic_table,qabs8cand5reuse,0,final,key,any,1989,13440,0.14799107142857143
5,topic_table,qabs8cand5reuse,0,final,record,all,0,13440,0.0
5,topic_table,qabs8cand5reuse,0,final,record,any,4917,13440,0.3658482142857143
5,topic_table,qabs8cand5reuse,0,union,key,all,0,13440,0.0
5,topic_table,qabs8cand5reuse,0,union,key,any,3750,13440,0.27901785714285715
5,topic_table,qabs8cand5reuse,0,union,record,all,0,13440,0.0
5,topic_table,qabs8cand5reuse,0,union,record,any,8329,13440,0.619717261904762
6,topic_table,qabs8cand5reuse,0,current,key,all,0,13888,0.0
6,topic_table,qabs8cand5reuse,0,current,key,any,2280,13888,0.1641705069124424
6,topic_table,qabs8cand5reuse,0,current,record,all,0,13888,0.0
6,topic_table,qabs8cand5reuse,0,current,record,any,6877,13888,0.49517569124423966
6,topic_table,qabs8cand5reuse,0,final,key,all,0,13888,0.0
6,topic_table,qabs8cand5reuse,0,final,key,any,2022,13888,0.14559331797235023
6,topic_table,qabs8cand5reuse,0,final,record,all,0,13888,0.0
6,topic_table,qabs8cand5reuse,0,final,record,any,6381,13888,0.4594614055299539
6,topic_table,qabs8cand5reuse,0,union,key,all,0,13888,0.0
6,topic_table,qabs8cand5reuse,0,union,key,any,3463,13888,0.2493519585253456
6,topic_table,qabs8cand5reuse,0,union,record,all,0,13888,0.0
6,topic_table,qabs8cand5reuse,0,union,record,any,9182,13888,0.6611463133640553
7,topic_table,qabs8cand5reuse,0,current,key,all,2,12992,0.0001539408866995074
7,topic_table,qabs8cand5reuse,0,current,key,any,2716,12992,0.20905172413793102
7,topic_table,qabs8cand5reuse,0,current,record,all,0,12992,0.0
7,topic_table,qabs8cand5reuse,0,current,record,any,6765,12992,0.5207050492610837
7,topic_table,qabs8cand5reuse,0,final,key,all,0,12992,0.0
7,topic_table,qabs8cand5reuse,0,final,key,any,2138,12992,0.1645628078817734
7,topic_table,qabs8cand5reuse,0,final,record,all,0,12992,0.0
7,topic_table,qabs8cand5reuse,0,final,record,any,6211,12992,0.4780634236453202
7,topic_table,qabs8cand5reuse,0,union,key,all,11,12992,0.0008466748768472907
7,topic_table,qabs8cand5reuse,0,union,key,any,4369,12992,0.3362838669950739
7,topic_table,qabs8cand5reuse,0,union,record,all,0,12992,0.0
7,topic_table,qabs8cand5reuse,0,union,record,any,9186,12992,0.7070504926108374
8,topic_table,qabs8cand5reuse,0,current,key,all,0,12992,0.0
8,topic_table,qabs8cand5reuse,0,current,key,any,2137,12992,0.16448583743842365
8,topic_table,qabs8cand5reuse,0,current,record,all,0,12992,0.0
8,topic_table,qabs8cand5reuse,0,current,record,any,5731,12992,0.44111761083743845
8,topic_table,qabs8cand5reuse,0,final,key,all,0,12992,0.0
8,topic_table,qabs8cand5reuse,0,final,key,any,1856,12992,0.14285714285714285
8,topic_table,qabs8cand5reuse,0,final,record,all,0,12992,0.0
8,topic_table,qabs8cand5reuse,0,final,record,any,5036,12992,0.3876231527093596
8,topic_table,qabs8cand5reuse,0,union,key,all,0,12992,0.0
8,topic_table,qabs8cand5reuse,0,union,key,any,3494,12992,0.2689347290640394
8,topic_table,qabs8cand5reuse,0,union,record,all,0,12992,0.0
8,topic_table,qabs8cand5reuse,0,union,record,any,8150,12992,0.6273091133004927
9,topic_table,qabs8cand5reuse,1,current,key,all,0,12992,0.0
9,topic_table,qabs8cand5reuse,1,current,key,any,2663,12992,0.2049722906403941
9,topic_table,qabs8cand5reuse,1,current,record,all,0,12992,0.0
9,topic_table,qabs8cand5reuse,1,current,record,any,6795,12992,0.5230141625615764
9,topic_table,qabs8cand5reuse,1,final,key,all,0,12992,0.0
9,topic_table,qabs8cand5reuse,1,final,key,any,2255,12992,0.1735683497536946
9,topic_table,qabs8cand5reuse,1,final,record,all,0,12992,0.0
9,topic_table,qabs8cand5reuse,1,final,record,any,6210,12992,0.4779864532019704
9,topic_table,qabs8cand5reuse,1,union,key,all,0,12992,0.0
9,topic_table,qabs8cand5reuse,1,union,key,any,4067,12992,0.3130387931034483
9,topic_table,qabs8cand5reuse,1,union,record,all,0,12992,0.0
9,topic_table,qabs8cand5reuse,1,union,record,any,9024,12992,0.6945812807881774
10,topic_table,qabs8cand5reuse,1,current,key,all,0,13440,0.0
10,topic_table,qabs8cand5reuse,1,current,key,any,2280,13440,0.16964285714285715
10,topic_table,qabs8cand5reuse,1,current,record,all,0,13440,0.0
10,topic_table,qabs8cand5reuse,1,current,record,any,5546,13440,0.4126488095238095
10,topic_table,qabs8cand5reuse,1,final,key,all,0,13440,0.0
10,topic_table,qabs8cand5reuse,1,final,key,any,2156,13440,0.16041666666666668
10,topic_table,qabs8cand5reuse,1,final,record,all,0,13440,0.0
10,topic_table,qabs8cand5reuse,1,final,record,any,4655,13440,0.3463541666666667
10,topic_table,qabs8cand5reuse,1,union,key,all,0,13440,0.0
10,topic_table,qabs8cand5reuse,1,union,key,any,3883,13440,0.2889136904761905
10,topic_table,qabs8cand5reuse,1,union,record,all,0,13440,0.0
10,topic_table,qabs8cand5reuse,1,union,record,any,8033,13440,0.5976934523809524
11,topic_table,qabs8cand5reuse,0,current,key,all,0,13440,0.0
11,topic_table,qabs8cand5reuse,0,current,key,any,2358,13440,0.17544642857142856
11,topic_table,qabs8cand5reuse,0,current,record,all,0,13440,0.0
11,topic_table,qabs8cand5reuse,0,current,record,any,6808,13440,0.506547619047619
11,topic_table,qabs8cand5reuse,0,final,key,all,0,13440,0.0
11,topic_table,qabs8cand5reuse,0,final,key,any,1884,13440,0.14017857142857143
11,topic_table,qabs8cand5reuse,0,final,record,all,0,13440,0.0
11,topic_table,qabs8cand5reuse,0,final,record,any,5772,13440,0.4294642857142857
11,topic_table,qabs8cand5reuse,0,union,key,all,0,13440,0.0
11,topic_table,qabs8cand5reuse,0,union,key,any,3684,13440,0.2741071428571429
11,topic_table,qabs8cand5reuse,0,union,record,all,0,13440,0.0
11,topic_table,qabs8cand5reuse,0,union,record,any,9075,13440,0.6752232142857143
12,topic_table,qabs8cand5reuse,1,current,key,all,2,13440,0.00014880952380952382
12,topic_table,qabs8cand5reuse,1,current,key,any,2879,13440,0.2142113095238095
12,topic_table,qabs8cand5reuse,1,current,record,all,0,13440,0.0
12,topic_table,qabs8cand5reuse,1,current,record,any,7516,13440,0.5592261904761905
12,topic_table,qabs8cand5reuse,1,final,key,all,0,13440,0.0
12,topic_table,qabs8cand5reuse,1,final,key,any,2346,13440,0.17455357142857142
12,topic_table,qabs8cand5reuse,1,final,record,all,0,13440,0.0
12,topic_table,qabs8cand5reuse,1,final,record,any,7046,13440,0.5242559523809524
12,topic_table,qabs8cand5reuse,1,union,key,all,8,13440,0.0005952380952380953
12,topic_table,qabs8cand5reuse,1,union,key,any,4462,13440,0.3319940476190476
12,topic_table,qabs8cand5reuse,1,union,record,all,0,13440,0.0
12,topic_table,qabs8cand5reuse,1,union,record,any,10077,13440,0.7497767857142857
13,topic_table,qabs8cand5reuse,0,current,key,all,0,13440,0.0
13,topic_table,qabs8cand5reuse,0,current,key,any,2740,13440,0.20386904761904762
13,topic_table,qabs8cand5reuse,0,current,record,all,0,13440,0.0
13,topic_table,qabs8cand5reuse,0,current,record,any,6880,13440,0.5119047619047619
13,topic_table,qabs8cand5reuse,0,final,key,all,0,13440,0.0
13,topic_table,qabs8cand5reuse,0,final,key,any,2711,13440,0.20171130952380953
13,topic_table,qabs8cand5reuse,0,final,record,all,0,13440,0.0
13,topic_table,qabs8cand5reuse,0,final,record,any,6040,13440,0.4494047619047619
13,topic_table,qabs8cand5reuse,0,union,key,all,0,13440,0.0
13,topic_table,qabs8cand5reuse,0,union,key,any,4737,13440,0.35245535714285714
13,topic_table,qabs8cand5reuse,0,union,record,all,0,13440,0.0
13,topic_table,qabs8cand5reuse,0,union,record,any,9446,13440,0.702827380952381
14,topic_table,qabs8cand5reuse,0,current,key,all,0,13440,0.0
14,topic_table,qabs8cand5reuse,0,current,key,any,2240,13440,0.16666666666666666
14,topic_table,qabs8cand5reuse,0,current,record,all,0,13440,0.0
14,topic_table,qabs8cand5reuse,0,current,record,any,7493,13440,0.557514880952381
14,topic_table,qabs8cand5reuse,0,final,key,all,1,13440,7.440476190476191e-05
14,topic_table,qabs8cand5reuse,0,final,key,any,2148,13440,0.15982142857142856
14,topic_table,qabs8cand5reuse,0,final,record,all,0,13440,0.0
14,topic_table,qabs8cand5reuse,0,final,record,any,6912,13440,0.5142857142857142
14,topic_table,qabs8cand5reuse,0,union,key,all,2,13440,0.00014880952380952382
14,topic_table,qabs8cand5reuse,0,union,key,any,3439,13440,0.2558779761904762
14,topic_table,qabs8cand5reuse,0,union,record,all,0,13440,0.0
14,topic_table,qabs8cand5reuse,0,union,record,any,9254,13440,0.6885416666666667
15,topic_table,qabs8cand5reuse,1,current,key,all,9,12992,0.0006927339901477833
15,topic_table,qabs8cand5reuse,1,current,key,any,5071,12992,0.390317118226601
15,topic_table,qabs8cand5reuse,1,current,record,all,0,12992,0.0
15,topic_table,qabs8cand5reuse,1,current,record,any,9238,12992,0.7110529556650246
15,topic_table,qabs8cand5reuse,1,final,key,all,8,12992,0.0006157635467980296
15,topic_table,qabs8cand5reuse,1,final,key,any,5658,12992,0.4354987684729064
15,topic_table,qabs8cand5reuse,1,final,record,all,0,12992,0.0
15,topic_table,qabs8cand5reuse,1,final,record,any,11466,12992,0.8825431034482759
15,topic_table,qabs8cand5reuse,1,union,key,all,36,12992,0.002770935960591133
15,topic_table,qabs8cand5reuse,1,union,key,any,7567,12992,0.5824353448275862
15,topic_table,qabs8cand5reuse,1,union,record,all,0,12992,0.0
15,topic_table,qabs8cand5reuse,1,union,record,any,12076,12992,0.9294950738916257
0,needle_sentence,qabs8cand5reuse,1,current,key,all,0,12992,0.0
0,needle_sentence,qabs8cand5reuse,1,current,key,any,2586,12992,0.19904556650246305
0,needle_sentence,qabs8cand5reuse,1,current,record,all,0,12992,0.0
0,needle_sentence,qabs8cand5reuse,1,current,record,any,8771,12992,0.6751077586206896
0,needle_sentence,qabs8cand5reuse,1,final,key,all,0,12992,0.0
0,needle_sentence,qabs8cand5reuse,1,final,key,any,2551,12992,0.19635160098522167
0,needle_sentence,qabs8cand5reuse,1,final,record,all,0,12992,0.0
0,needle_sentence,qabs8cand5reuse,1,final,record,any,8754,12992,0.6737992610837439
0,needle_sentence,qabs8cand5reuse,1,union,key,all,0,12992,0.0
0,needle_sentence,qabs8cand5reuse,1,union,key,any,3837,12992,0.29533559113300495
0,needle_sentence,qabs8cand5reuse,1,union,record,all,0,12992,0.0
0,needle_sentence,qabs8cand5reuse,1,union,record,any,10203,12992,0.7853294334975369
1,needle_sentence,qabs8cand5reuse,0,current,key,all,0,12992,0.0
1,needle_sentence,qabs8cand5reuse,0,current,key,any,2590,12992,0.19935344827586207
1,needle_sentence,qabs8cand5reuse,0,current,record,all,0,12992,0.0
1,needle_sentence,qabs8cand5reuse,0,current,record,any,8544,12992,0.6576354679802956
1,needle_sentence,qabs8cand5reuse,0,final,key,all,0,12992,0.0
1,needle_sentence,qabs8cand5reuse,0,final,key,any,2492,12992,0.19181034482758622
1,needle_sentence,qabs8cand5reuse,0,final,record,all,0,12992,0.0
1,needle_sentence,qabs8cand5reuse,0,final,record,any,8663,12992,0.6667949507389163
1,needle_sentence,qabs8cand5reuse,0,union,key,all,0,12992,0.0
1,needle_sentence,qabs8cand5reuse,0,union,key,any,3755,12992,0.2890240147783251
1,needle_sentence,qabs8cand5reuse,0,union,record,all,0,12992,0.0
1,needle_sentence,qabs8cand5reuse,0,union,record,any,10178,12992,0.7834051724137931
2,needle_sentence,qabs8cand5reuse,0,current,key,all,0,12544,0.0
2,needle_sentence,qabs8cand5reuse,0,current,key,any,2401,12544,0.19140625
2,needle_sentence,qabs8cand5reuse,0,current,record,all,0,12544,0.0
2,needle_sentence,qabs8cand5reuse,0,current,record,any,8634,12544,0.6882971938775511
2,needle_sentence,qabs8cand5reuse,0,final,key,all,0,12544,0.0
2,needle_sentence,qabs8cand5reuse,0,final,key,any,2373,12544,0.18917410714285715
2,needle_sentence,qabs8cand5reuse,0,final,record,all,0,12544,0.0
2,needle_sentence,qabs8cand5reuse,0,final,record,any,8671,12544,0.6912468112244898
2,needle_sentence,qabs8cand5reuse,0,union,key,all,0,12544,0.0
2,needle_sentence,qabs8cand5reuse,0,union,key,any,3601,12544,0.28706951530612246
2,needle_sentence,qabs8cand5reuse,0,union,record,all,0,12544,0.0
2,needle_sentence,qabs8cand5reuse,0,union,record,any,10006,12544,0.7976721938775511
3,needle_sentence,qabs8cand5reuse,1,current,key,all,0,12096,0.0
3,needle_sentence,qabs8cand5reuse,1,current,key,any,2602,12096,0.21511243386243387
3,needle_sentence,qabs8cand5reuse,1,current,record,all,0,12096,0.0
3,needle_sentence,qabs8cand5reuse,1,current,record,any,7626,12096,0.6304563492063492
3,needle_sentence,qabs8cand5reuse,1,final,key,all,0,12096,0.0
3,needle_sentence,qabs8cand5reuse,1,final,key,any,2476,12096,0.2046957671957672
3,needle_sentence,qabs8cand5reuse,1,final,record,all,0,12096,0.0
3,needle_sentence,qabs8cand5reuse,1,final,record,any,7787,12096,0.6437665343915344
3,needle_sentence,qabs8cand5reuse,1,union,key,all,0,12096,0.0
3,needle_sentence,qabs8cand5reuse,1,union,key,any,4144,12096,0.3425925925925926
3,needle_sentence,qabs8cand5reuse,1,union,record,all,0,12096,0.0
3,needle_sentence,qabs8cand5reuse,1,union,record,any,9953,12096,0.8228339947089947
4,needle_sentence,qabs8cand5reuse,1,current,key,all,0,12544,0.0
4,needle_sentence,qabs8cand5reuse,1,current,key,any,2073,12544,0.16525829081632654
4,needle_sentence,qabs8cand5reuse,1,current,record,all,0,12544,0.0
4,needle_sentence,qabs8cand5reuse,1,current,record,any,7254,12544,0.5782844387755102
4,needle_sentence,qabs8cand5reuse,1,final,key,all,0,12544,0.0
4,needle_sentence,qabs8cand5reuse,1,final,key,any,1666,12544,0.1328125
4,needle_sentence,qabs8cand5reuse,1,final,record,all,0,12544,0.0
4,needle_sentence,qabs8cand5reuse,1,final,record,any,6498,12544,0.5180165816326531
4,needle_sentence,qabs8cand5reuse,1,union,key,all,0,12544,0.0
4,needle_sentence,qabs8cand5reuse,1,union,key,any,3146,12544,0.250797193877551
4,needle_sentence,qabs8cand5reuse,1,union,record,all,0,12544,0.0
4,needle_sentence,qabs8cand5reuse,1,union,record,any,9424,12544,0.7512755102040817
5,needle_sentence,qabs8cand5reuse,0,current,key,all,0,12992,0.0
5,needle_sentence,qabs8cand5reuse,0,current,key,any,2258,12992,0.17379926108374386
5,needle_sentence,qabs8cand5reuse,0,current,record,all,0,12992,0.0
5,needle_sentence,qabs8cand5reuse,0,current,record,any,7607,12992,0.5855141625615764
5,needle_sentence,qabs8cand5reuse,0,final,key,all,0,12992,0.0
5,needle_sentence,qabs8cand5reuse,0,final,key,any,1981,12992,0.15247844827586207
5,needle_sentence,qabs8cand5reuse,0,final,record,all,0,12992,0.0
5,needle_sentence,qabs8cand5reuse,0,final,record,any,7000,12992,0.5387931034482759
5,needle_sentence,qabs8cand5reuse,0,union,key,all,0,12992,0.0
5,needle_sentence,qabs8cand5reuse,0,union,key,any,3509,12992,0.2700892857142857
5,needle_sentence,qabs8cand5reuse,0,union,record,all,0,12992,0.0
5,needle_sentence,qabs8cand5reuse,0,union,record,any,9625,12992,0.7408405172413793
6,needle_sentence,qabs8cand5reuse,1,current,key,all,1,12096,8.267195767195767e-05
6,needle_sentence,qabs8cand5reuse,1,current,key,any,2948,12096,0.24371693121693122
6,needle_sentence,qabs8cand5reuse,1,current,record,all,0,12096,0.0
6,needle_sentence,qabs8cand5reuse,1,current,record,any,7770,12096,0.6423611111111112
6,needle_sentence,qabs8cand5reuse,1,final,key,all,0,12096,0.0
6,needle_sentence,qabs8cand5reuse,1,final,key,any,2811,12096,0.23239087301587302
6,needle_sentence,qabs8cand5reuse,1,final,record,all,0,12096,0.0
6,needle_sentence,qabs8cand5reuse,1,final,record,any,8318,12096,0.687665343915344
6,needle_sentence,qabs8cand5reuse,1,union,key,all,5,12096,0.00041335978835978834
6,needle_sentence,qabs8cand5reuse,1,union,key,any,4576,12096,0.3783068783068783
6,needle_sentence,qabs8cand5reuse,1,union,record,all,0,12096,0.0
6,needle_sentence,qabs8cand5reuse,1,union,record,any,9809,12096,0.8109292328042328
7,needle_sentence,qabs8cand5reuse,0,current,key,all,3,12992,0.00023091133004926107
7,needle_sentence,qabs8cand5reuse,0,current,key,any,3230,12992,0.24861453201970443
7,needle_sentence,qabs8cand5reuse,0,current,record,all,0,12992,0.0
7,needle_sentence,qabs8cand5reuse,0,current,record,any,8982,12992,0.6913485221674877
7,needle_sentence,qabs8cand5reuse,0,final,key,all,1,12992,7.69704433497537e-05
7,needle_sentence,qabs8cand5reuse,0,final,key,any,2931,12992,0.22560036945812809
7,needle_sentence,qabs8cand5reuse,0,final,record,all,0,12992,0.0
7,needle_sentence,qabs8cand5reuse,0,final,record,any,9617,12992,0.7402247536945813
7,needle_sentence,qabs8cand5reuse,0,union,key,all,8,12992,0.0006157635467980296
7,needle_sentence,qabs8cand5reuse,0,union,key,any,4986,12992,0.38377463054187194
7,needle_sentence,qabs8cand5reuse,0,union,record,all,0,12992,0.0
7,needle_sentence,qabs8cand5reuse,0,union,record,any,10984,12992,0.8454433497536946
8,needle_sentence,qabs8cand5reuse,0,current,key,all,0,12992,0.0
8,needle_sentence,qabs8cand5reuse,0,current,key,any,2985,12992,0.2297567733990148
8,needle_sentence,qabs8cand5reuse,0,current,record,all,0,12992,0.0
8,needle_sentence,qabs8cand5reuse,0,current,record,any,9145,12992,0.7038947044334976
8,needle_sentence,qabs8cand5reuse,0,final,key,all,0,12992,0.0
8,needle_sentence,qabs8cand5reuse,0,final,key,any,2699,12992,0.2077432266009852
8,needle_sentence,qabs8cand5reuse,0,final,record,all,0,12992,0.0
8,needle_sentence,qabs8cand5reuse,0,final,record,any,9038,12992,0.6956588669950738
8,needle_sentence,qabs8cand5reuse,0,union,key,all,1,12992,7.69704433497537e-05
8,needle_sentence,qabs8cand5reuse,0,union,key,any,4502,12992,0.34652093596059114
8,needle_sentence,qabs8cand5reuse,0,union,record,all,0,12992,0.0
8,needle_sentence,qabs8cand5reuse,0,union,record,any,10997,12992,0.8464439655172413
9,needle_sentence,qabs8cand5reuse,1,current,key,all,1,12544,7.971938775510203e-05
9,needle_sentence,qabs8cand5reuse,1,current,key,any,2253,12544,0.1796077806122449
9,needle_sentence,qabs8cand5reuse,1,current,record,all,0,12544,0.0
9,needle_sentence,qabs8cand5reuse,1,current,record,any,8050,12544,0.6417410714285714
9,needle_sentence,qabs8cand5reuse,1,final,key,all,0,12544,0.0
9,needle_sentence,qabs8cand5reuse,1,final,key,any,2111,12544,0.16828762755102042
9,needle_sentence,qabs8cand5reuse,1,final,record,all,0,12544,0.0
9,needle_sentence,qabs8cand5reuse,1,final,record,any,8126,12544,0.6477997448979592
9,needle_sentence,qabs8cand5reuse,1,union,key,all,2,12544,0.00015943877551020407
9,needle_sentence,qabs8cand5reuse,1,union,key,any,3331,12544,0.2655452806122449
9,needle_sentence,qabs8cand5reuse,1,union,record,all,0,12544,0.0
9,needle_sentence,qabs8cand5reuse,1,union,record,any,9695,12544,0.7728794642857143
10,needle_sentence,qabs8cand5reuse,1,current,key,all,0,12544,0.0
10,needle_sentence,qabs8cand5reuse,1,current,key,any,2286,12544,0.18223852040816327
10,needle_sentence,qabs8cand5reuse,1,current,record,all,0,12544,0.0
10,needle_sentence,qabs8cand5reuse,1,current,record,any,7457,12544,0.5944674744897959
10,needle_sentence,qabs8cand5reuse,1,final,key,all,0,12544,0.0
10,needle_sentence,qabs8cand5reuse,1,final,key,any,1930,12544,0.15385841836734693
10,needle_sentence,qabs8cand5reuse,1,final,record,all,0,12544,0.0
10,needle_sentence,qabs8cand5reuse,1,final,record,any,7241,12544,0.5772480867346939
10,needle_sentence,qabs8cand5reuse,1,union,key,all,0,12544,0.0
10,needle_sentence,qabs8cand5reuse,1,union,key,any,3626,12544,0.2890625
10,needle_sentence,qabs8cand5reuse,1,union,record,all,0,12544,0.0
10,needle_sentence,qabs8cand5reuse,1,union,record,any,9848,12544,0.7850765306122449
11,needle_sentence,qabs8cand5reuse,0,current,key,all,6,12992,0.00046182266009852215
11,needle_sentence,qabs8cand5reuse,0,current,key,any,2610,12992,0.20089285714285715
11,needle_sentence,qabs8cand5reuse,0,current,record,all,0,12992,0.0
11,needle_sentence,qabs8cand5reuse,0,current,record,any,8337,12992,0.6417025862068966
11,needle_sentence,qabs8cand5reuse,0,final,key,all,0,12992,0.0
11,needle_sentence,qabs8cand5reuse,0,final,key,any,2146,12992,0.16517857142857142
11,needle_sentence,qabs8cand5reuse,0,final,record,all,0,12992,0.0
11,needle_sentence,qabs8cand5reuse,0,final,record,any,8217,12992,0.6324661330049262
11,needle_sentence,qabs8cand5reuse,0,union,key,all,8,12992,0.0006157635467980296
11,needle_sentence,qabs8cand5reuse,0,union,key,any,4223,12992,0.32504618226600984
11,needle_sentence,qabs8cand5reuse,0,union,record,all,0,12992,0.0
11,needle_sentence,qabs8cand5reuse,0,union,record,any,10761,12992,0.8282789408866995
12,needle_sentence,qabs8cand5reuse,0,current,key,all,0,12096,0.0
12,needle_sentence,qabs8cand5reuse,0,current,key,any,2005,12096,0.16575727513227514
12,needle_sentence,qabs8cand5reuse,0,current,record,all,0,12096,0.0
12,needle_sentence,qabs8cand5reuse,0,current,record,any,6917,12096,0.5718419312169312
12,needle_sentence,qabs8cand5reuse,0,final,key,all,0,12096,0.0
12,needle_sentence,qabs8cand5reuse,0,final,key,any,1686,12096,0.13938492063492064
12,needle_sentence,qabs8cand5reuse,0,final,record,all,0,12096,0.0
12,needle_sentence,qabs8cand5reuse,0,final,record,any,6334,12096,0.5236441798941799
12,needle_sentence,qabs8cand5reuse,0,union,key,all,0,12096,0.0
12,needle_sentence,qabs8cand5reuse,0,union,key,any,3076,12096,0.2542989417989418
12,needle_sentence,qabs8cand5reuse,0,union,record,all,0,12096,0.0
12,needle_sentence,qabs8cand5reuse,0,union,record,any,8935,12096,0.7386739417989417
13,needle_sentence,qabs8cand5reuse,0,current,key,all,0,12096,0.0
13,needle_sentence,qabs8cand5reuse,0,current,key,any,2375,12096,0.19634589947089948
13,needle_sentence,qabs8cand5reuse,0,current,record,all,0,12096,0.0
13,needle_sentence,qabs8cand5reuse,0,current,record,any,7579,12096,0.6265707671957672
13,needle_sentence,qabs8cand5reuse,0,final,key,all,0,12096,0.0
13,needle_sentence,qabs8cand5reuse,0,final,key,any,2362,12096,0.195271164021164
13,needle_sentence,qabs8cand5reuse,0,final,record,all,0,12096,0.0
13,needle_sentence,qabs8cand5reuse,0,final,record,any,7968,12096,0.6587301587301587
13,needle_sentence,qabs8cand5reuse,0,union,key,all,0,12096,0.0
13,needle_sentence,qabs8cand5reuse,0,union,key,any,3791,12096,0.3134093915343915
13,needle_sentence,qabs8cand5reuse,0,union,record,all,0,12096,0.0
13,needle_sentence,qabs8cand5reuse,0,union,record,any,9930,12096,0.8209325396825397
14,needle_sentence,qabs8cand5reuse,1,current,key,all,0,12544,0.0
14,needle_sentence,qabs8cand5reuse,1,current,key,any,1759,12544,0.1402264030612245
14,needle_sentence,qabs8cand5reuse,1,current,record,all,0,12544,0.0
14,needle_sentence,qabs8cand5reuse,1,current,record,any,6890,12544,0.5492665816326531
14,needle_sentence,qabs8cand5reuse,1,final,key,all,0,12544,0.0
14,needle_sentence,qabs8cand5reuse,1,final,key,any,1534,12544,0.12228954081632654
14,needle_sentence,qabs8cand5reuse,1,final,record,all,0,12544,0.0
14,needle_sentence,qabs8cand5reuse,1,final,record,any,6140,12544,0.48947704081632654
14,needle_sentence,qabs8cand5reuse,1,union,key,all,0,12544,0.0
14,needle_sentence,qabs8cand5reuse,1,union,key,any,2737,12544,0.21819196428571427
14,needle_sentence,qabs8cand5reuse,1,union,record,all,0,12544,0.0
14,needle_sentence,qabs8cand5reuse,1,union,record,any,9065,12544,0.72265625
15,needle_sentence,qabs8cand5reuse,0,current,key,all,0,12544,0.0
15,needle_sentence,qabs8cand5reuse,0,current,key,any,3658,12544,0.29161352040816324
15,needle_sentence,qabs8cand5reuse,0,current,record,all,0,12544,0.0
15,needle_sentence,qabs8cand5reuse,0,current,record,any,9479,12544,0.7556600765306123
15,needle_sentence,qabs8cand5reuse,0,final,key,all,0,12544,0.0
15,needle_sentence,qabs8cand5reuse,0,final,key,any,3426,12544,0.2731186224489796
15,needle_sentence,qabs8cand5reuse,0,final,record,all,0,12544,0.0
15,needle_sentence,qabs8cand5reuse,0,final,record,any,9946,12544,0.7928890306122449
15,needle_sentence,qabs8cand5reuse,0,union,key,all,2,12544,0.00015943877551020407
15,needle_sentence,qabs8cand5reuse,0,union,key,any,5120,12544,0.40816326530612246
15,needle_sentence,qabs8cand5reuse,0,union,record,all,0,12544,0.0
15,needle_sentence,qabs8cand5reuse,0,union,record,any,10719,12544,0.8545121173469388
