rule,selected_blocks,true_skip_blocks,false_skip_blocks,saved_seconds,false_skip_seconds,saved_fraction,selected_cases,false_skip_cases
anchor_hit_and_margin_le_0.00671903_and_ratio_le_0,6,6,0,29.85602945345454,0,0.2849577620082021,needle:1;needle:3;ruler_multineedle:0;ruler_variable:2;ruler_topicswitch:1;ruler_topicswitch:2,
anchor_hit_and_margin_le_0.0100904_and_ratio_le_0,6,6,0,29.85602945345454,0,0.2849577620082021,needle:1;needle:3;ruler_multineedle:0;ruler_variable:2;ruler_topicswitch:1;ruler_topicswitch:2,
anchor_hit_and_ratio_le_0,6,6,0,29.85602945345454,0,0.2849577620082021,needle:1;needle:3;ruler_multineedle:0;ruler_variable:2;ruler_topicswitch:1;ruler_topicswitch:2,
anchor_hit_and_margin_le_0.000914671_and_ratio_le_0,5,5,0,24.90558960242197,0,0.23770880470442923,needle:1;needle:3;ruler_multineedle:0;ruler_topicswitch:1;ruler_topicswitch:2,
anchor_hit_and_margin_le_0.00225478_and_ratio_le_0,5,5,0,24.90558960242197,0,0.23770880470442923,needle:1;needle:3;ruler_multineedle:0;ruler_topicswitch:1;ruler_topicswitch:2,
anchor_hit_and_margin_le_0.00327363_and_ratio_le_0,5,5,0,24.90558960242197,0,0.23770880470442923,needle:1;needle:3;ruler_multineedle:0;ruler_topicswitch:1;ruler_topicswitch:2,
anchor_hit_and_margin_le_0.00527303_and_ratio_le_0,5,5,0,24.90558960242197,0,0.23770880470442923,needle:1;needle:3;ruler_multineedle:0;ruler_topicswitch:1;ruler_topicswitch:2,
anchor_hit_and_margin_le_0.00581508_and_ratio_le_0,5,5,0,24.90558960242197,0,0.23770880470442923,needle:1;needle:3;ruler_multineedle:0;ruler_topicswitch:1;ruler_topicswitch:2,
anchor_hit_and_margin_le_0.0058938_and_ratio_le_0,5,5,0,24.90558960242197,0,0.23770880470442923,needle:1;needle:3;ruler_multineedle:0;ruler_topicswitch:1;ruler_topicswitch:2,
anchor_hit_and_margin_le_0.000119314_and_ratio_le_0,4,4,0,18.246673934627324,0,0.17415347799716138,needle:1;ruler_multineedle:0;ruler_topicswitch:1;ruler_topicswitch:2,
anchor_hit_and_margin_le_6.00495e-05_and_ratio_le_0,4,4,0,18.246673934627324,0,0.17415347799716138,needle:1;ruler_multineedle:0;ruler_topicswitch:1;ruler_topicswitch:2,
anchor_hit_and_margin_le_6.00495e-05_and_ratio_le_0.0155119,4,4,0,18.246673934627324,0,0.17415347799716138,needle:1;ruler_multineedle:0;ruler_topicswitch:1;ruler_topicswitch:2,
anchor_hit_and_margin_le_6.00495e-05_and_ratio_le_0.0971145,4,4,0,18.246673934627324,0,0.17415347799716138,needle:1;ruler_multineedle:0;ruler_topicswitch:1;ruler_topicswitch:2,
anchor_hit_and_margin_le_7.61193e-05_and_ratio_le_0,4,4,0,18.246673934627324,0,0.17415347799716138,needle:1;ruler_multineedle:0;ruler_topicswitch:1;ruler_topicswitch:2,
anchor_hit_and_margin_le_7.61193e-05_and_ratio_le_0.0155119,4,4,0,18.246673934627324,0,0.17415347799716138,needle:1;ruler_multineedle:0;ruler_topicswitch:1;ruler_topicswitch:2,
anchor_hit_and_margin_le_8.51464e-05_and_ratio_le_0,4,4,0,18.246673934627324,0,0.17415347799716138,needle:1;ruler_multineedle:0;ruler_topicswitch:1;ruler_topicswitch:2,
anchor_hit_and_margin_le_5.22137e-05_and_ratio_le_0,3,3,0,14.923948405776173,0,0.1424400704275092,needle:1;ruler_multineedle:0;ruler_topicswitch:2,
anchor_hit_and_margin_le_5.22137e-05_and_ratio_le_0.0155119,3,3,0,14.923948405776173,0,0.1424400704275092,needle:1;ruler_multineedle:0;ruler_topicswitch:2,
anchor_hit_and_margin_le_5.22137e-05_and_ratio_le_0.0971145,3,3,0,14.923948405776173,0,0.1424400704275092,needle:1;ruler_multineedle:0;ruler_topicswitch:2,
anchor_hit_and_margin_le_4.79652e-05_and_ratio_le_0,2,2,0,11.62697537848726,0,0.1109724549255105,needle:1;ruler_multineedle:0,
anchor_hit_and_margin_le_4.79652e-05_and_ratio_le_0.0155119,2,2,0,11.62697537848726,0,0.1109724549255105,needle:1;ruler_multineedle:0,
anchor_hit_and_margin_le_4.79652e-05_and_ratio_le_0.0971145,2,2,0,11.62697537848726,0,0.1109724549255105,needle:1;ruler_multineedle:0,
anchor_hit_and_margin_le_4.65186e-05_and_ratio_le_0,1,1,0,6.6549102396238595,0,0.06351709731547242,needle:1,
anchor_hit_and_margin_le_4.65186e-05_and_ratio_le_0.0155119,1,1,0,6.6549102396238595,0,0.06351709731547242,needle:1,
anchor_hit_and_margin_le_4.65186e-05_and_ratio_le_0.0971145,1,1,0,6.6549102396238595,0,0.06351709731547242,needle:1,
anchor_hit_and_margin_le_0.00671903_and_ratio_le_0.0155119,7,6,1,29.85602945345454,3.2678566307295114,0.2849577620082021,needle:1;needle:3;ruler_multineedle:0;ruler_variable:0;ruler_variable:2;ruler_topicswitch:1;ruler_topicswitch:2,ruler_variable:0
anchor_hit_and_margin_le_0.0100904_and_ratio_le_0.0155119,7,6,1,29.85602945345454,3.2678566307295114,0.2849577620082021,needle:1;needle:3;ruler_multineedle:0;ruler_variable:0;ruler_variable:2;ruler_topicswitch:1;ruler_topicswitch:2,ruler_variable:0
anchor_hit_and_ratio_le_0.0155119,7,6,1,29.85602945345454,3.2678566307295114,0.2849577620082021,needle:1;needle:3;ruler_multineedle:0;ruler_variable:0;ruler_variable:2;ruler_topicswitch:1;ruler_topicswitch:2,ruler_variable:0
anchor_hit_and_margin_le_0.000914671_and_ratio_le_0.0155119,6,5,1,24.90558960242197,3.2678566307295114,0.23770880470442923,needle:1;needle:3;ruler_multineedle:0;ruler_variable:0;ruler_topicswitch:1;ruler_topicswitch:2,ruler_variable:0
anchor_hit_and_margin_le_0.00225478_and_ratio_le_0.0155119,6,5,1,24.90558960242197,3.2678566307295114,0.23770880470442923,needle:1;needle:3;ruler_multineedle:0;ruler_variable:0;ruler_topicswitch:1;ruler_topicswitch:2,ruler_variable:0
anchor_hit_and_margin_le_0.00327363_and_ratio_le_0.0155119,6,5,1,24.90558960242197,3.2678566307295114,0.23770880470442923,needle:1;needle:3;ruler_multineedle:0;ruler_variable:0;ruler_topicswitch:1;ruler_topicswitch:2,ruler_variable:0
anchor_hit_and_margin_le_0.00527303_and_ratio_le_0.0155119,6,5,1,24.90558960242197,3.2678566307295114,0.23770880470442923,needle:1;needle:3;ruler_multineedle:0;ruler_variable:0;ruler_topicswitch:1;ruler_topicswitch:2,ruler_variable:0
anchor_hit_and_margin_le_0.00581508_and_ratio_le_0.0155119,6,5,1,24.90558960242197,3.2678566307295114,0.23770880470442923,needle:1;needle:3;ruler_multineedle:0;ruler_variable:0;ruler_topicswitch:1;ruler_topicswitch:2,ruler_variable:0
anchor_hit_and_margin_le_0.0058938_and_ratio_le_0.0155119,6,5,1,24.90558960242197,3.2678566307295114,0.23770880470442923,needle:1;needle:3;ruler_multineedle:0;ruler_variable:0;ruler_topicswitch:1;ruler_topicswitch:2,ruler_variable:0
anchor_hit_and_margin_le_0.000119314_and_ratio_le_0.0155119,5,4,1,18.246673934627324,3.2678566307295114,0.17415347799716138,needle:1;ruler_multineedle:0;ruler_variable:0;ruler_topicswitch:1;ruler_topicswitch:2,ruler_variable:0
anchor_hit_and_margin_le_6.00495e-05,5,4,1,18.246673934627324,6.658772717928514,0.17415347799716138,needle:1;needle:2;ruler_multineedle:0;ruler_topicswitch:1;ruler_topicswitch:2,needle:2
anchor_hit_and_margin_le_6.00495e-05_and_ratio_le_0.109311,5,4,1,18.246673934627324,6.658772717928514,0.17415347799716138,needle:1;needle:2;ruler_multineedle:0;ruler_topicswitch:1;ruler_topicswitch:2,needle:2
anchor_hit_and_margin_le_6.00495e-05_and_ratio_le_1,5,4,1,18.246673934627324,6.658772717928514,0.17415347799716138,needle:1;needle:2;ruler_multineedle:0;ruler_topicswitch:1;ruler_topicswitch:2,needle:2
anchor_hit_and_margin_le_6.00495e-05_and_ratio_le_1.18883,5,4,1,18.246673934627324,6.658772717928514,0.17415347799716138,needle:1;needle:2;ruler_multineedle:0;ruler_topicswitch:1;ruler_topicswitch:2,needle:2
anchor_hit_and_margin_le_6.00495e-05_and_ratio_le_3.52516,5,4,1,18.246673934627324,6.658772717928514,0.17415347799716138,needle:1;needle:2;ruler_multineedle:0;ruler_topicswitch:1;ruler_topicswitch:2,needle:2
anchor_hit_and_margin_le_7.61193e-05_and_ratio_le_0.0971145,5,4,1,18.246673934627324,3.2802107189781964,0.17415347799716138,needle:1;ruler_multineedle:0;ruler_topicswitch:0;ruler_topicswitch:1;ruler_topicswitch:2,ruler_topicswitch:0
anchor_hit_and_margin_le_8.51464e-05_and_ratio_le_0.0155119,5,4,1,18.246673934627324,3.2678566307295114,0.17415347799716138,needle:1;ruler_multineedle:0;ruler_variable:0;ruler_topicswitch:1;ruler_topicswitch:2,ruler_variable:0
anchor_hit_and_margin_le_5.22137e-05,4,3,1,14.923948405776173,6.658772717928514,0.1424400704275092,needle:1;needle:2;ruler_multineedle:0;ruler_topicswitch:2,needle:2
anchor_hit_and_margin_le_5.22137e-05_and_ratio_le_0.109311,4,3,1,14.923948405776173,6.658772717928514,0.1424400704275092,needle:1;needle:2;ruler_multineedle:0;ruler_topicswitch:2,needle:2
anchor_hit_and_margin_le_5.22137e-05_and_ratio_le_1,4,3,1,14.923948405776173,6.658772717928514,0.1424400704275092,needle:1;needle:2;ruler_multineedle:0;ruler_topicswitch:2,needle:2
anchor_hit_and_margin_le_5.22137e-05_and_ratio_le_1.18883,4,3,1,14.923948405776173,6.658772717928514,0.1424400704275092,needle:1;needle:2;ruler_multineedle:0;ruler_topicswitch:2,needle:2
anchor_hit_and_margin_le_5.22137e-05_and_ratio_le_3.52516,4,3,1,14.923948405776173,6.658772717928514,0.1424400704275092,needle:1;needle:2;ruler_multineedle:0;ruler_topicswitch:2,needle:2
anchor_hit_and_margin_le_4.79652e-05,3,2,1,11.62697537848726,6.658772717928514,0.1109724549255105,needle:1;needle:2;ruler_multineedle:0,needle:2
anchor_hit_and_margin_le_4.79652e-05_and_ratio_le_0.109311,3,2,1,11.62697537848726,6.658772717928514,0.1109724549255105,needle:1;needle:2;ruler_multineedle:0,needle:2
anchor_hit_and_margin_le_4.79652e-05_and_ratio_le_1,3,2,1,11.62697537848726,6.658772717928514,0.1109724549255105,needle:1;needle:2;ruler_multineedle:0,needle:2
anchor_hit_and_margin_le_4.79652e-05_and_ratio_le_1.18883,3,2,1,11.62697537848726,6.658772717928514,0.1109724549255105,needle:1;needle:2;ruler_multineedle:0,needle:2
anchor_hit_and_margin_le_4.79652e-05_and_ratio_le_3.52516,3,2,1,11.62697537848726,6.658772717928514,0.1109724549255105,needle:1;needle:2;ruler_multineedle:0,needle:2
anchor_hit_and_margin_le_4.65186e-05,2,1,1,6.6549102396238595,6.658772717928514,0.06351709731547242,needle:1;needle:2,needle:2
anchor_hit_and_margin_le_4.65186e-05_and_ratio_le_0.109311,2,1,1,6.6549102396238595,6.658772717928514,0.06351709731547242,needle:1;needle:2,needle:2
anchor_hit_and_margin_le_4.65186e-05_and_ratio_le_1,2,1,1,6.6549102396238595,6.658772717928514,0.06351709731547242,needle:1;needle:2,needle:2
anchor_hit_and_margin_le_4.65186e-05_and_ratio_le_1.18883,2,1,1,6.6549102396238595,6.658772717928514,0.06351709731547242,needle:1;needle:2,needle:2
anchor_hit_and_margin_le_4.65186e-05_and_ratio_le_3.52516,2,1,1,6.6549102396238595,6.658772717928514,0.06351709731547242,needle:1;needle:2,needle:2
anchor_hit_and_margin_le_2.02338e-05,1,0,1,0,6.658772717928514,0.0,needle:2,needle:2
anchor_hit_and_margin_le_2.02338e-05_and_ratio_le_0.109311,1,0,1,0,6.658772717928514,0.0,needle:2,needle:2
anchor_hit_and_margin_le_2.02338e-05_and_ratio_le_1,1,0,1,0,6.658772717928514,0.0,needle:2,needle:2
anchor_hit_and_margin_le_2.02338e-05_and_ratio_le_1.18883,1,0,1,0,6.658772717928514,0.0,needle:2,needle:2
anchor_hit_and_margin_le_2.02338e-05_and_ratio_le_3.52516,1,0,1,0,6.658772717928514,0.0,needle:2,needle:2
anchor_hit_and_margin_le_2.26831e-05,1,0,1,0,6.658772717928514,0.0,needle:2,needle:2
anchor_hit_and_margin_le_2.26831e-05_and_ratio_le_0.109311,1,0,1,0,6.658772717928514,0.0,needle:2,needle:2
anchor_hit_and_margin_le_2.26831e-05_and_ratio_le_1,1,0,1,0,6.658772717928514,0.0,needle:2,needle:2
anchor_hit_and_margin_le_2.26831e-05_and_ratio_le_1.18883,1,0,1,0,6.658772717928514,0.0,needle:2,needle:2
anchor_hit_and_margin_le_2.26831e-05_and_ratio_le_3.52516,1,0,1,0,6.658772717928514,0.0,needle:2,needle:2
anchor_hit_and_margin_le_4.21103e-05,1,0,1,0,6.658772717928514,0.0,needle:2,needle:2
anchor_hit_and_margin_le_4.21103e-05_and_ratio_le_0.109311,1,0,1,0,6.658772717928514,0.0,needle:2,needle:2
anchor_hit_and_margin_le_4.21103e-05_and_ratio_le_1,1,0,1,0,6.658772717928514,0.0,needle:2,needle:2
anchor_hit_and_margin_le_4.21103e-05_and_ratio_le_1.18883,1,0,1,0,6.658772717928514,0.0,needle:2,needle:2
anchor_hit_and_margin_le_4.21103e-05_and_ratio_le_3.52516,1,0,1,0,6.658772717928514,0.0,needle:2,needle:2
margin_le_1.58964e-05,1,0,1,0,4.991876207757741,0.0,ruler_multineedle:1,ruler_multineedle:1
margin_le_1.58964e-05_and_ratio_le_0,1,0,1,0,4.991876207757741,0.0,ruler_multineedle:1,ruler_multineedle:1
margin_le_1.58964e-05_and_ratio_le_0.0155119,1,0,1,0,4.991876207757741,0.0,ruler_multineedle:1,ruler_multineedle:1
margin_le_1.58964e-05_and_ratio_le_0.0971145,1,0,1,0,4.991876207757741,0.0,ruler_multineedle:1,ruler_multineedle:1
margin_le_1.58964e-05_and_ratio_le_0.109311,1,0,1,0,4.991876207757741,0.0,ruler_multineedle:1,ruler_multineedle:1
margin_le_1.58964e-05_and_ratio_le_1,1,0,1,0,4.991876207757741,0.0,ruler_multineedle:1,ruler_multineedle:1
margin_le_1.58964e-05_and_ratio_le_1.18883,1,0,1,0,4.991876207757741,0.0,ruler_multineedle:1,ruler_multineedle:1
margin_le_1.58964e-05_and_ratio_le_3.52516,1,0,1,0,4.991876207757741,0.0,ruler_multineedle:1,ruler_multineedle:1
margin_le_2.02338e-05_and_ratio_le_0,1,0,1,0,4.991876207757741,0.0,ruler_multineedle:1,ruler_multineedle:1
margin_le_2.02338e-05_and_ratio_le_0.0155119,1,0,1,0,4.991876207757741,0.0,ruler_multineedle:1,ruler_multineedle:1
margin_le_2.02338e-05_and_ratio_le_0.0971145,1,0,1,0,4.991876207757741,0.0,ruler_multineedle:1,ruler_multineedle:1
anchor_hit_and_margin_le_0.00671903_and_ratio_le_0.0971145,8,6,2,29.85602945345454,6.548067349707708,0.2849577620082021,needle:1;needle:3;ruler_multineedle:0;ruler_variable:0;ruler_variable:2;ruler_topicswitch:0;ruler_topicswitch:1;ruler_topicswitch:2,ruler_variable:0;ruler_topicswitch:0
anchor_hit_and_margin_le_0.0100904_and_ratio_le_0.0971145,8,6,2,29.85602945345454,6.548067349707708,0.2849577620082021,needle:1;needle:3;ruler_multineedle:0;ruler_variable:0;ruler_variable:2;ruler_topicswitch:0;ruler_topicswitch:1;ruler_topicswitch:2,ruler_variable:0;ruler_topicswitch:0
anchor_hit_and_ratio_le_0.0971145,8,6,2,29.85602945345454,6.548067349707708,0.2849577620082021,needle:1;needle:3;ruler_multineedle:0;ruler_variable:0;ruler_variable:2;ruler_topicswitch:0;ruler_topicswitch:1;ruler_topicswitch:2,ruler_variable:0;ruler_topicswitch:0
anchor_hit_and_margin_le_0.000914671_and_ratio_le_0.0971145,7,5,2,24.90558960242197,6.548067349707708,0.23770880470442923,needle:1;needle:3;ruler_multineedle:0;ruler_variable:0;ruler_topicswitch:0;ruler_topicswitch:1;ruler_topicswitch:2,ruler_variable:0;ruler_topicswitch:0
anchor_hit_and_margin_le_0.00225478_and_ratio_le_0.0971145,7,5,2,24.90558960242197,6.548067349707708,0.23770880470442923,needle:1;needle:3;ruler_multineedle:0;ruler_variable:0;ruler_topicswitch:0;ruler_topicswitch:1;ruler_topicswitch:2,ruler_variable:0;ruler_topicswitch:0
anchor_hit_and_margin_le_0.00327363_and_ratio_le_0.0971145,7,5,2,24.90558960242197,6.548067349707708,0.23770880470442923,needle:1;needle:3;ruler_multineedle:0;ruler_variable:0;ruler_topicswitch:0;ruler_topicswitch:1;ruler_topicswitch:2,ruler_variable:0;ruler_topicswitch:0
anchor_hit_and_margin_le_0.00527303_and_ratio_le_0.0971145,7,5,2,24.90558960242197,6.548067349707708,0.23770880470442923,needle:1;needle:3;ruler_multineedle:0;ruler_variable:0;ruler_topicswitch:0;ruler_topicswitch:1;ruler_topicswitch:2,ruler_variable:0;ruler_topicswitch:0
anchor_hit_and_margin_le_0.00581508_and_ratio_le_0.0971145,7,5,2,24.90558960242197,6.548067349707708,0.23770880470442923,needle:1;needle:3;ruler_multineedle:0;ruler_variable:0;ruler_topicswitch:0;ruler_topicswitch:1;ruler_topicswitch:2,ruler_variable:0;ruler_topicswitch:0
anchor_hit_and_margin_le_0.0058938_and_ratio_le_0.0971145,7,5,2,24.90558960242197,6.548067349707708,0.23770880470442923,needle:1;needle:3;ruler_multineedle:0;ruler_variable:0;ruler_topicswitch:0;ruler_topicswitch:1;ruler_topicswitch:2,ruler_variable:0;ruler_topicswitch:0
anchor_hit_and_margin_le_0.000119314_and_ratio_le_0.0971145,6,4,2,18.246673934627324,6.548067349707708,0.17415347799716138,needle:1;ruler_multineedle:0;ruler_variable:0;ruler_topicswitch:0;ruler_topicswitch:1;ruler_topicswitch:2,ruler_variable:0;ruler_topicswitch:0
anchor_hit_and_margin_le_7.61193e-05,6,4,2,18.246673934627324,9.93898343690671,0.17415347799716138,needle:1;needle:2;ruler_multineedle:0;ruler_topicswitch:0;ruler_topicswitch:1;ruler_topicswitch:2,needle:2;ruler_topicswitch:0
anchor_hit_and_margin_le_7.61193e-05_and_ratio_le_0.109311,6,4,2,18.246673934627324,9.93898343690671,0.17415347799716138,needle:1;needle:2;ruler_multineedle:0;ruler_topicswitch:0;ruler_topicswitch:1;ruler_topicswitch:2,needle:2;ruler_topicswitch:0
anchor_hit_and_margin_le_7.61193e-05_and_ratio_le_1,6,4,2,18.246673934627324,9.93898343690671,0.17415347799716138,needle:1;needle:2;ruler_multineedle:0;ruler_topicswitch:0;ruler_topicswitch:1;ruler_topicswitch:2,needle:2;ruler_topicswitch:0
anchor_hit_and_margin_le_7.61193e-05_and_ratio_le_1.18883,6,4,2,18.246673934627324,9.93898343690671,0.17415347799716138,needle:1;needle:2;ruler_multineedle:0;ruler_topicswitch:0;ruler_topicswitch:1;ruler_topicswitch:2,needle:2;ruler_topicswitch:0
anchor_hit_and_margin_le_7.61193e-05_and_ratio_le_3.52516,6,4,2,18.246673934627324,9.93898343690671,0.17415347799716138,needle:1;needle:2;ruler_multineedle:0;ruler_topicswitch:0;ruler_topicswitch:1;ruler_topicswitch:2,needle:2;ruler_topicswitch:0
anchor_hit_and_margin_le_8.51464e-05_and_ratio_le_0.0971145,6,4,2,18.246673934627324,6.548067349707708,0.17415347799716138,needle:1;ruler_multineedle:0;ruler_variable:0;ruler_topicswitch:0;ruler_topicswitch:1;ruler_topicswitch:2,ruler_variable:0;ruler_topicswitch:0
anchor_hit_and_pairwise_le_7.62848e-05,6,4,2,18.246673934627324,6.548067349707708,0.17415347799716138,needle:1;ruler_multineedle:0;ruler_variable:0;ruler_topicswitch:0;ruler_topicswitch:1;ruler_topicswitch:2,ruler_variable:0;ruler_topicswitch:0
anchor_hit_and_pairwise_le_6.26028e-05,5,3,2,11.591763695003465,6.548067349707708,0.11063638068168898,ruler_multineedle:0;ruler_variable:0;ruler_topicswitch:0;ruler_topicswitch:1;ruler_topicswitch:2,ruler_variable:0;ruler_topicswitch:0
anchor_hit_and_pairwise_le_6.00495e-05,4,2,2,6.619698556140065,6.548067349707708,0.0631810230716509,ruler_variable:0;ruler_topicswitch:0;ruler_topicswitch:1;ruler_topicswitch:2,ruler_variable:0;ruler_topicswitch:0
anchor_hit_and_pairwise_le_0,3,1,2,3.2969730272889137,6.548067349707708,0.031467615501998704,ruler_variable:0;ruler_topicswitch:0;ruler_topicswitch:2,ruler_variable:0;ruler_topicswitch:0
anchor_hit_and_pairwise_le_2.02137e-05,3,1,2,3.2969730272889137,6.548067349707708,0.031467615501998704,ruler_variable:0;ruler_topicswitch:0;ruler_topicswitch:2,ruler_variable:0;ruler_topicswitch:0
anchor_hit_and_pairwise_le_4.21103e-05,3,1,2,3.2969730272889137,6.548067349707708,0.031467615501998704,ruler_variable:0;ruler_topicswitch:0;ruler_topicswitch:2,ruler_variable:0;ruler_topicswitch:0
anchor_hit_and_pairwise_zero,3,1,2,3.2969730272889137,6.548067349707708,0.031467615501998704,ruler_variable:0;ruler_topicswitch:0;ruler_topicswitch:2,ruler_variable:0;ruler_topicswitch:0
margin_le_2.02338e-05,2,0,2,0,11.650648925686255,0.0,needle:2;ruler_multineedle:1,needle:2;ruler_multineedle:1
margin_le_2.02338e-05_and_ratio_le_0.109311,2,0,2,0,11.650648925686255,0.0,needle:2;ruler_multineedle:1,needle:2;ruler_multineedle:1
margin_le_2.02338e-05_and_ratio_le_1,2,0,2,0,11.650648925686255,0.0,needle:2;ruler_multineedle:1,needle:2;ruler_multineedle:1
margin_le_2.02338e-05_and_ratio_le_1.18883,2,0,2,0,11.650648925686255,0.0,needle:2;ruler_multineedle:1,needle:2;ruler_multineedle:1
margin_le_2.02338e-05_and_ratio_le_3.52516,2,0,2,0,11.650648925686255,0.0,needle:2;ruler_multineedle:1,needle:2;ruler_multineedle:1
margin_le_2.26831e-05_and_ratio_le_0,2,0,2,0,8.310436789644882,0.0,ruler_multineedle:1;ruler_variable:1,ruler_multineedle:1;ruler_variable:1
margin_le_2.26831e-05_and_ratio_le_0.0155119,2,0,2,0,8.310436789644882,0.0,ruler_multineedle:1;ruler_variable:1,ruler_multineedle:1;ruler_variable:1
margin_le_2.26831e-05_and_ratio_le_0.0971145,2,0,2,0,8.310436789644882,0.0,ruler_multineedle:1;ruler_variable:1,ruler_multineedle:1;ruler_variable:1
anchor_hit,10,7,3,34.30214950046502,13.206840067636222,0.327393291494502,hard:2;needle:1;needle:2;needle:3;ruler_multineedle:0;ruler_variable:0;ruler_variable:2;ruler_topicswitch:0;ruler_topicswitch:1;ruler_topicswitch:2,needle:2;ruler_variable:0;ruler_topicswitch:0
anchor_hit_and_margin_le_0.00671903,10,7,3,34.30214950046502,13.206840067636222,0.327393291494502,hard:2;needle:1;needle:2;needle:3;ruler_multineedle:0;ruler_variable:0;ruler_variable:2;ruler_topicswitch:0;ruler_topicswitch:1;ruler_topicswitch:2,needle:2;ruler_variable:0;ruler_topicswitch:0
anchor_hit_and_margin_le_0.00671903_and_ratio_le_1,10,7,3,34.30214950046502,13.206840067636222,0.327393291494502,hard:2;needle:1;needle:2;needle:3;ruler_multineedle:0;ruler_variable:0;ruler_variable:2;ruler_topicswitch:0;ruler_topicswitch:1;ruler_topicswitch:2,needle:2;ruler_variable:0;ruler_topicswitch:0
anchor_hit_and_margin_le_0.00671903_and_ratio_le_1.18883,10,7,3,34.30214950046502,13.206840067636222,0.327393291494502,hard:2;needle:1;needle:2;needle:3;ruler_multineedle:0;ruler_variable:0;ruler_variable:2;ruler_topicswitch:0;ruler_topicswitch:1;ruler_topicswitch:2,needle:2;ruler_variable:0;ruler_topicswitch:0
anchor_hit_and_margin_le_0.00671903_and_ratio_le_3.52516,10,7,3,34.30214950046502,13.206840067636222,0.327393291494502,hard:2;needle:1;needle:2;needle:3;ruler_multineedle:0;ruler_variable:0;ruler_variable:2;ruler_topicswitch:0;ruler_topicswitch:1;ruler_topicswitch:2,needle:2;ruler_variable:0;ruler_topicswitch:0
anchor_hit_and_margin_le_0.0100904,10,7,3,34.30214950046502,13.206840067636222,0.327393291494502,hard:2;needle:1;needle:2;needle:3;ruler_multineedle:0;ruler_variable:0;ruler_variable:2;ruler_topicswitch:0;ruler_topicswitch:1;ruler_topicswitch:2,needle:2;ruler_variable:0;ruler_topicswitch:0
anchor_hit_and_margin_le_0.0100904_and_ratio_le_1,10,7,3,34.30214950046502,13.206840067636222,0.327393291494502,hard:2;needle:1;needle:2;needle:3;ruler_multineedle:0;ruler_variable:0;ruler_variable:2;ruler_topicswitch:0;ruler_topicswitch:1;ruler_topicswitch:2,needle:2;ruler_variable:0;ruler_topicswitch:0
anchor_hit_and_margin_le_0.0100904_and_ratio_le_1.18883,10,7,3,34.30214950046502,13.206840067636222,0.327393291494502,hard:2;needle:1;needle:2;needle:3;ruler_multineedle:0;ruler_variable:0;ruler_variable:2;ruler_topicswitch:0;ruler_topicswitch:1;ruler_topicswitch:2,needle:2;ruler_variable:0;ruler_topicswitch:0
anchor_hit_and_margin_le_0.0100904_and_ratio_le_3.52516,10,7,3,34.30214950046502,13.206840067636222,0.327393291494502,hard:2;needle:1;needle:2;needle:3;ruler_multineedle:0;ruler_variable:0;ruler_variable:2;ruler_topicswitch:0;ruler_topicswitch:1;ruler_topicswitch:2,needle:2;ruler_variable:0;ruler_topicswitch:0
anchor_hit_and_pairwise_le_0.0100643,10,7,3,34.30214950046502,13.206840067636222,0.327393291494502,hard:2;needle:1;needle:2;needle:3;ruler_multineedle:0;ruler_variable:0;ruler_variable:2;ruler_topicswitch:0;ruler_topicswitch:1;ruler_topicswitch:2,needle:2;ruler_variable:0;ruler_topicswitch:0
anchor_hit_and_pairwise_le_0.0127531,10,7,3,34.30214950046502,13.206840067636222,0.327393291494502,hard:2;needle:1;needle:2;needle:3;ruler_multineedle:0;ruler_variable:0;ruler_variable:2;ruler_topicswitch:0;ruler_topicswitch:1;ruler_topicswitch:2,needle:2;ruler_variable:0;ruler_topicswitch:0
anchor_hit_and_pairwise_le_0.0152867,10,7,3,34.30214950046502,13.206840067636222,0.327393291494502,hard:2;needle:1;needle:2;needle:3;ruler_multineedle:0;ruler_variable:0;ruler_variable:2;ruler_topicswitch:0;ruler_topicswitch:1;ruler_topicswitch:2,needle:2;ruler_variable:0;ruler_topicswitch:0
anchor_hit_and_pairwise_le_0.0154698,10,7,3,34.30214950046502,13.206840067636222,0.327393291494502,hard:2;needle:1;needle:2;needle:3;ruler_multineedle:0;ruler_variable:0;ruler_variable:2;ruler_topicswitch:0;ruler_topicswitch:1;ruler_topicswitch:2,needle:2;ruler_variable:0;ruler_topicswitch:0
anchor_hit_and_ratio_le_1,10,7,3,34.30214950046502,13.206840067636222,0.327393291494502,hard:2;needle:1;needle:2;needle:3;ruler_multineedle:0;ruler_variable:0;ruler_variable:2;ruler_topicswitch:0;ruler_topicswitch:1;ruler_topicswitch:2,needle:2;ruler_variable:0;ruler_topicswitch:0
anchor_hit_and_ratio_le_1,10,7,3,34.30214950046502,13.206840067636222,0.327393291494502,hard:2;needle:1;needle:2;needle:3;ruler_multineedle:0;ruler_variable:0;ruler_variable:2;ruler_topicswitch:0;ruler_topicswitch:1;ruler_topicswitch:2,needle:2;ruler_variable:0;ruler_topicswitch:0
anchor_hit_and_ratio_le_1.18883,10,7,3,34.30214950046502,13.206840067636222,0.327393291494502,hard:2;needle:1;needle:2;needle:3;ruler_multineedle:0;ruler_variable:0;ruler_variable:2;ruler_topicswitch:0;ruler_topicswitch:1;ruler_topicswitch:2,needle:2;ruler_variable:0;ruler_topicswitch:0
anchor_hit_and_ratio_le_3.52516,10,7,3,34.30214950046502,13.206840067636222,0.327393291494502,hard:2;needle:1;needle:2;needle:3;ruler_multineedle:0;ruler_variable:0;ruler_variable:2;ruler_topicswitch:0;ruler_topicswitch:1;ruler_topicswitch:2,needle:2;ruler_variable:0;ruler_topicswitch:0
anchor_hit_and_margin_le_0.00671903_and_ratio_le_0.109311,9,6,3,29.85602945345454,13.206840067636222,0.2849577620082021,needle:1;needle:2;needle:3;ruler_multineedle:0;ruler_variable:0;ruler_variable:2;ruler_topicswitch:0;ruler_topicswitch:1;ruler_topicswitch:2,needle:2;ruler_variable:0;ruler_topicswitch:0
anchor_hit_and_margin_le_0.0100904_and_ratio_le_0.109311,9,6,3,29.85602945345454,13.206840067636222,0.2849577620082021,needle:1;needle:2;needle:3;ruler_multineedle:0;ruler_variable:0;ruler_variable:2;ruler_topicswitch:0;ruler_topicswitch:1;ruler_topicswitch:2,needle:2;ruler_variable:0;ruler_topicswitch:0
anchor_hit_and_ratio_le_0.109311,9,6,3,29.85602945345454,13.206840067636222,0.2849577620082021,needle:1;needle:2;needle:3;ruler_multineedle:0;ruler_variable:0;ruler_variable:2;ruler_topicswitch:0;ruler_topicswitch:1;ruler_topicswitch:2,needle:2;ruler_variable:0;ruler_topicswitch:0
anchor_hit_and_margin_le_0.00527303,9,6,3,29.35170964943245,13.206840067636222,0.28014433419072915,hard:2;needle:1;needle:2;needle:3;ruler_multineedle:0;ruler_variable:0;ruler_topicswitch:0;ruler_topicswitch:1;ruler_topicswitch:2,needle:2;ruler_variable:0;ruler_topicswitch:0
anchor_hit_and_margin_le_0.00527303_and_ratio_le_1,9,6,3,29.35170964943245,13.206840067636222,0.28014433419072915,hard:2;needle:1;needle:2;needle:3;ruler_multineedle:0;ruler_variable:0;ruler_topicswitch:0;ruler_topicswitch:1;ruler_topicswitch:2,needle:2;ruler_variable:0;ruler_topicswitch:0
anchor_hit_and_margin_le_0.00527303_and_ratio_le_1.18883,9,6,3,29.35170964943245,13.206840067636222,0.28014433419072915,hard:2;needle:1;needle:2;needle:3;ruler_multineedle:0;ruler_variable:0;ruler_topicswitch:0;ruler_topicswitch:1;ruler_topicswitch:2,needle:2;ruler_variable:0;ruler_topicswitch:0
anchor_hit_and_margin_le_0.00527303_and_ratio_le_3.52516,9,6,3,29.35170964943245,13.206840067636222,0.28014433419072915,hard:2;needle:1;needle:2;needle:3;ruler_multineedle:0;ruler_variable:0;ruler_topicswitch:0;ruler_topicswitch:1;ruler_topicswitch:2,needle:2;ruler_variable:0;ruler_topicswitch:0
anchor_hit_and_margin_le_0.00581508,9,6,3,29.35170964943245,13.206840067636222,0.28014433419072915,hard:2;needle:1;needle:2;needle:3;ruler_multineedle:0;ruler_variable:0;ruler_topicswitch:0;ruler_topicswitch:1;ruler_topicswitch:2,needle:2;ruler_variable:0;ruler_topicswitch:0
anchor_hit_and_margin_le_0.00581508_and_ratio_le_1,9,6,3,29.35170964943245,13.206840067636222,0.28014433419072915,hard:2;needle:1;needle:2;needle:3;ruler_multineedle:0;ruler_variable:0;ruler_topicswitch:0;ruler_topicswitch:1;ruler_topicswitch:2,needle:2;ruler_variable:0;ruler_topicswitch:0
anchor_hit_and_margin_le_0.00581508_and_ratio_le_1.18883,9,6,3,29.35170964943245,13.206840067636222,0.28014433419072915,hard:2;needle:1;needle:2;needle:3;ruler_multineedle:0;ruler_variable:0;ruler_topicswitch:0;ruler_topicswitch:1;ruler_topicswitch:2,needle:2;ruler_variable:0;ruler_topicswitch:0
anchor_hit_and_margin_le_0.00581508_and_ratio_le_3.52516,9,6,3,29.35170964943245,13.206840067636222,0.28014433419072915,hard:2;needle:1;needle:2;needle:3;ruler_multineedle:0;ruler_variable:0;ruler_topicswitch:0;ruler_topicswitch:1;ruler_topicswitch:2,needle:2;ruler_variable:0;ruler_topicswitch:0
anchor_hit_and_margin_le_0.0058938,9,6,3,29.35170964943245,13.206840067636222,0.28014433419072915,hard:2;needle:1;needle:2;needle:3;ruler_multineedle:0;ruler_variable:0;ruler_topicswitch:0;ruler_topicswitch:1;ruler_topicswitch:2,needle:2;ruler_variable:0;ruler_topicswitch:0
anchor_hit_and_margin_le_0.0058938_and_ratio_le_1,9,6,3,29.35170964943245,13.206840067636222,0.28014433419072915,hard:2;needle:1;needle:2;needle:3;ruler_multineedle:0;ruler_variable:0;ruler_topicswitch:0;ruler_topicswitch:1;ruler_topicswitch:2,needle:2;ruler_variable:0;ruler_topicswitch:0
anchor_hit_and_margin_le_0.0058938_and_ratio_le_1.18883,9,6,3,29.35170964943245,13.206840067636222,0.28014433419072915,hard:2;needle:1;needle:2;needle:3;ruler_multineedle:0;ruler_variable:0;ruler_topicswitch:0;ruler_topicswitch:1;ruler_topicswitch:2,needle:2;ruler_variable:0;ruler_topicswitch:0
anchor_hit_and_margin_le_0.0058938_and_ratio_le_3.52516,9,6,3,29.35170964943245,13.206840067636222,0.28014433419072915,hard:2;needle:1;needle:2;needle:3;ruler_multineedle:0;ruler_variable:0;ruler_topicswitch:0;ruler_topicswitch:1;ruler_topicswitch:2,needle:2;ruler_variable:0;ruler_topicswitch:0
anchor_hit_and_pairwise_le_0.0067781,9,6,3,27.643233832670376,13.206840067636222,0.2638379647872342,hard:2;needle:1;needle:2;ruler_multineedle:0;ruler_variable:0;ruler_variable:2;ruler_topicswitch:0;ruler_topicswitch:1;ruler_topicswitch:2,needle:2;ruler_variable:0;ruler_topicswitch:0
anchor_hit_and_pairwise_le_0.010057,9,6,3,27.643233832670376,13.206840067636222,0.2638379647872342,hard:2;needle:1;needle:2;ruler_multineedle:0;ruler_variable:0;ruler_variable:2;ruler_topicswitch:0;ruler_topicswitch:1;ruler_topicswitch:2,needle:2;ruler_variable:0;ruler_topicswitch:0
anchor_hit_and_margin_le_0.000914671,8,5,3,24.90558960242197,13.206840067636222,0.23770880470442923,needle:1;needle:2;needle:3;ruler_multineedle:0;ruler_variable:0;ruler_topicswitch:0;ruler_topicswitch:1;ruler_topicswitch:2,needle:2;ruler_variable:0;ruler_topicswitch:0
anchor_hit_and_margin_le_0.000914671_and_ratio_le_0.109311,8,5,3,24.90558960242197,13.206840067636222,0.23770880470442923,needle:1;needle:2;needle:3;ruler_multineedle:0;ruler_variable:0;ruler_topicswitch:0;ruler_topicswitch:1;ruler_topicswitch:2,needle:2;ruler_variable:0;ruler_topicswitch:0
anchor_hit_and_margin_le_0.000914671_and_ratio_le_1,8,5,3,24.90558960242197,13.206840067636222,0.23770880470442923,needle:1;needle:2;needle:3;ruler_multineedle:0;ruler_variable:0;ruler_topicswitch:0;ruler_topicswitch:1;ruler_topicswitch:2,needle:2;ruler_variable:0;ruler_topicswitch:0
anchor_hit_and_margin_le_0.000914671_and_ratio_le_1.18883,8,5,3,24.90558960242197,13.206840067636222,0.23770880470442923,needle:1;needle:2;needle:3;ruler_multineedle:0;ruler_variable:0;ruler_topicswitch:0;ruler_topicswitch:1;ruler_topicswitch:2,needle:2;ruler_variable:0;ruler_topicswitch:0
anchor_hit_and_margin_le_0.000914671_and_ratio_le_3.52516,8,5,3,24.90558960242197,13.206840067636222,0.23770880470442923,needle:1;needle:2;needle:3;ruler_multineedle:0;ruler_variable:0;ruler_topicswitch:0;ruler_topicswitch:1;ruler_topicswitch:2,needle:2;ruler_variable:0;ruler_topicswitch:0
anchor_hit_and_margin_le_0.00225478,8,5,3,24.90558960242197,13.206840067636222,0.23770880470442923,needle:1;needle:2;needle:3;ruler_multineedle:0;ruler_variable:0;ruler_topicswitch:0;ruler_topicswitch:1;ruler_topicswitch:2,needle:2;ruler_variable:0;ruler_topicswitch:0
anchor_hit_and_margin_le_0.00225478_and_ratio_le_0.109311,8,5,3,24.90558960242197,13.206840067636222,0.23770880470442923,needle:1;needle:2;needle:3;ruler_multineedle:0;ruler_variable:0;ruler_topicswitch:0;ruler_topicswitch:1;ruler_topicswitch:2,needle:2;ruler_variable:0;ruler_topicswitch:0
anchor_hit_and_margin_le_0.00225478_and_ratio_le_1,8,5,3,24.90558960242197,13.206840067636222,0.23770880470442923,needle:1;needle:2;needle:3;ruler_multineedle:0;ruler_variable:0;ruler_topicswitch:0;ruler_topicswitch:1;ruler_topicswitch:2,needle:2;ruler_variable:0;ruler_topicswitch:0
anchor_hit_and_margin_le_0.00225478_and_ratio_le_1.18883,8,5,3,24.90558960242197,13.206840067636222,0.23770880470442923,needle:1;needle:2;needle:3;ruler_multineedle:0;ruler_variable:0;ruler_topicswitch:0;ruler_topicswitch:1;ruler_topicswitch:2,needle:2;ruler_variable:0;ruler_topicswitch:0
anchor_hit_and_margin_le_0.00225478_and_ratio_le_3.52516,8,5,3,24.90558960242197,13.206840067636222,0.23770880470442923,needle:1;needle:2;needle:3;ruler_multineedle:0;ruler_variable:0;ruler_topicswitch:0;ruler_topicswitch:1;ruler_topicswitch:2,needle:2;ruler_variable:0;ruler_topicswitch:0
anchor_hit_and_margin_le_0.00327363,8,5,3,24.90558960242197,13.206840067636222,0.23770880470442923,needle:1;needle:2;needle:3;ruler_multineedle:0;ruler_variable:0;ruler_topicswitch:0;ruler_topicswitch:1;ruler_topicswitch:2,needle:2;ruler_variable:0;ruler_topicswitch:0
anchor_hit_and_margin_le_0.00327363_and_ratio_le_0.109311,8,5,3,24.90558960242197,13.206840067636222,0.23770880470442923,needle:1;needle:2;needle:3;ruler_multineedle:0;ruler_variable:0;ruler_topicswitch:0;ruler_topicswitch:1;ruler_topicswitch:2,needle:2;ruler_variable:0;ruler_topicswitch:0
anchor_hit_and_margin_le_0.00327363_and_ratio_le_1,8,5,3,24.90558960242197,13.206840067636222,0.23770880470442923,needle:1;needle:2;needle:3;ruler_multineedle:0;ruler_variable:0;ruler_topicswitch:0;ruler_topicswitch:1;ruler_topicswitch:2,needle:2;ruler_variable:0;ruler_topicswitch:0
anchor_hit_and_margin_le_0.00327363_and_ratio_le_1.18883,8,5,3,24.90558960242197,13.206840067636222,0.23770880470442923,needle:1;needle:2;needle:3;ruler_multineedle:0;ruler_variable:0;ruler_topicswitch:0;ruler_topicswitch:1;ruler_topicswitch:2,needle:2;ruler_variable:0;ruler_topicswitch:0
anchor_hit_and_margin_le_0.00327363_and_ratio_le_3.52516,8,5,3,24.90558960242197,13.206840067636222,0.23770880470442923,needle:1;needle:2;needle:3;ruler_multineedle:0;ruler_variable:0;ruler_topicswitch:0;ruler_topicswitch:1;ruler_topicswitch:2,needle:2;ruler_variable:0;ruler_topicswitch:0
anchor_hit_and_margin_le_0.00527303_and_ratio_le_0.109311,8,5,3,24.90558960242197,13.206840067636222,0.23770880470442923,needle:1;needle:2;needle:3;ruler_multineedle:0;ruler_variable:0;ruler_topicswitch:0;ruler_topicswitch:1;ruler_topicswitch:2,needle:2;ruler_variable:0;ruler_topicswitch:0
anchor_hit_and_margin_le_0.00581508_and_ratio_le_0.109311,8,5,3,24.90558960242197,13.206840067636222,0.23770880470442923,needle:1;needle:2;needle:3;ruler_multineedle:0;ruler_variable:0;ruler_topicswitch:0;ruler_topicswitch:1;ruler_topicswitch:2,needle:2;ruler_variable:0;ruler_topicswitch:0
anchor_hit_and_margin_le_0.0058938_and_ratio_le_0.109311,8,5,3,24.90558960242197,13.206840067636222,0.23770880470442923,needle:1;needle:2;needle:3;ruler_multineedle:0;ruler_variable:0;ruler_topicswitch:0;ruler_topicswitch:1;ruler_topicswitch:2,needle:2;ruler_variable:0;ruler_topicswitch:0
anchor_hit_and_pairwise_le_0.00527303,8,5,3,22.692793981637806,13.206840067636222,0.21658900748346133,hard:2;needle:1;needle:2;ruler_multineedle:0;ruler_variable:0;ruler_topicswitch:0;ruler_topicswitch:1;ruler_topicswitch:2,needle:2;ruler_variable:0;ruler_topicswitch:0
anchor_hit_and_margin_le_0.000119314,7,4,3,18.246673934627324,13.206840067636222,0.17415347799716138,needle:1;needle:2;ruler_multineedle:0;ruler_variable:0;ruler_topicswitch:0;ruler_topicswitch:1;ruler_topicswitch:2,needle:2;ruler_variable:0;ruler_topicswitch:0
anchor_hit_and_margin_le_0.000119314_and_ratio_le_0.109311,7,4,3,18.246673934627324,13.206840067636222,0.17415347799716138,needle:1;needle:2;ruler_multineedle:0;ruler_variable:0;ruler_topicswitch:0;ruler_topicswitch:1;ruler_topicswitch:2,needle:2;ruler_variable:0;ruler_topicswitch:0
anchor_hit_and_margin_le_0.000119314_and_ratio_le_1,7,4,3,18.246673934627324,13.206840067636222,0.17415347799716138,needle:1;needle:2;ruler_multineedle:0;ruler_variable:0;ruler_topicswitch:0;ruler_topicswitch:1;ruler_topicswitch:2,needle:2;ruler_variable:0;ruler_topicswitch:0
anchor_hit_and_margin_le_0.000119314_and_ratio_le_1.18883,7,4,3,18.246673934627324,13.206840067636222,0.17415347799716138,needle:1;needle:2;ruler_multineedle:0;ruler_variable:0;ruler_topicswitch:0;ruler_topicswitch:1;ruler_topicswitch:2,needle:2;ruler_variable:0;ruler_topicswitch:0
anchor_hit_and_margin_le_0.000119314_and_ratio_le_3.52516,7,4,3,18.246673934627324,13.206840067636222,0.17415347799716138,needle:1;needle:2;ruler_multineedle:0;ruler_variable:0;ruler_topicswitch:0;ruler_topicswitch:1;ruler_topicswitch:2,needle:2;ruler_variable:0;ruler_topicswitch:0
anchor_hit_and_margin_le_8.51464e-05,7,4,3,18.246673934627324,13.206840067636222,0.17415347799716138,needle:1;needle:2;ruler_multineedle:0;ruler_variable:0;ruler_topicswitch:0;ruler_topicswitch:1;ruler_topicswitch:2,needle:2;ruler_variable:0;ruler_topicswitch:0
anchor_hit_and_margin_le_8.51464e-05_and_ratio_le_0.109311,7,4,3,18.246673934627324,13.206840067636222,0.17415347799716138,needle:1;needle:2;ruler_multineedle:0;ruler_variable:0;ruler_topicswitch:0;ruler_topicswitch:1;ruler_topicswitch:2,needle:2;ruler_variable:0;ruler_topicswitch:0
anchor_hit_and_margin_le_8.51464e-05_and_ratio_le_1,7,4,3,18.246673934627324,13.206840067636222,0.17415347799716138,needle:1;needle:2;ruler_multineedle:0;ruler_variable:0;ruler_topicswitch:0;ruler_topicswitch:1;ruler_topicswitch:2,needle:2;ruler_variable:0;ruler_topicswitch:0
anchor_hit_and_margin_le_8.51464e-05_and_ratio_le_1.18883,7,4,3,18.246673934627324,13.206840067636222,0.17415347799716138,needle:1;needle:2;ruler_multineedle:0;ruler_variable:0;ruler_topicswitch:0;ruler_topicswitch:1;ruler_topicswitch:2,needle:2;ruler_variable:0;ruler_topicswitch:0
anchor_hit_and_margin_le_8.51464e-05_and_ratio_le_3.52516,7,4,3,18.246673934627324,13.206840067636222,0.17415347799716138,needle:1;needle:2;ruler_multineedle:0;ruler_variable:0;ruler_topicswitch:0;ruler_topicswitch:1;ruler_topicswitch:2,needle:2;ruler_variable:0;ruler_topicswitch:0
anchor_hit_and_pairwise_le_0.000155794,7,4,3,18.246673934627324,13.206840067636222,0.17415347799716138,needle:1;needle:2;ruler_multineedle:0;ruler_variable:0;ruler_topicswitch:0;ruler_topicswitch:1;ruler_topicswitch:2,needle:2;ruler_variable:0;ruler_topicswitch:0
anchor_hit_and_pairwise_le_0.00016144,7,4,3,18.246673934627324,13.206840067636222,0.17415347799716138,needle:1;needle:2;ruler_multineedle:0;ruler_variable:0;ruler_topicswitch:0;ruler_topicswitch:1;ruler_topicswitch:2,needle:2;ruler_variable:0;ruler_topicswitch:0
anchor_hit_and_pairwise_le_0.00225478,7,4,3,18.246673934627324,13.206840067636222,0.17415347799716138,needle:1;needle:2;ruler_multineedle:0;ruler_variable:0;ruler_topicswitch:0;ruler_topicswitch:1;ruler_topicswitch:2,needle:2;ruler_variable:0;ruler_topicswitch:0
margin_le_6.00495e-05_and_ratio_le_0,7,4,3,18.246673934627324,11.59519905038178,0.17415347799716138,needle:1;ruler_multineedle:0;ruler_multineedle:1;ruler_multineedle:2;ruler_variable:1;ruler_topicswitch:1;ruler_topicswitch:2,ruler_multineedle:1;ruler_multineedle:2;ruler_variable:1
margin_le_6.00495e-05_and_ratio_le_0.0155119,7,4,3,18.246673934627324,11.59519905038178,0.17415347799716138,needle:1;ruler_multineedle:0;ruler_multineedle:1;ruler_multineedle:2;ruler_variable:1;ruler_topicswitch:1;ruler_topicswitch:2,ruler_multineedle:1;ruler_multineedle:2;ruler_variable:1
margin_le_6.00495e-05_and_ratio_le_0.0971145,7,4,3,18.246673934627324,11.59519905038178,0.17415347799716138,needle:1;ruler_multineedle:0;ruler_multineedle:1;ruler_multineedle:2;ruler_variable:1;ruler_topicswitch:1;ruler_topicswitch:2,ruler_multineedle:1;ruler_multineedle:2;ruler_variable:1
margin_le_7.61193e-05_and_ratio_le_0,7,4,3,18.246673934627324,11.59519905038178,0.17415347799716138,needle:1;ruler_multineedle:0;ruler_multineedle:1;ruler_multineedle:2;ruler_variable:1;ruler_topicswitch:1;ruler_topicswitch:2,ruler_multineedle:1;ruler_multineedle:2;ruler_variable:1
margin_le_7.61193e-05_and_ratio_le_0.0155119,7,4,3,18.246673934627324,11.59519905038178,0.17415347799716138,needle:1;ruler_multineedle:0;ruler_multineedle:1;ruler_multineedle:2;ruler_variable:1;ruler_topicswitch:1;ruler_topicswitch:2,ruler_multineedle:1;ruler_multineedle:2;ruler_variable:1
margin_le_8.51464e-05_and_ratio_le_0,7,4,3,18.246673934627324,11.59519905038178,0.17415347799716138,needle:1;ruler_multineedle:0;ruler_multineedle:1;ruler_multineedle:2;ruler_variable:1;ruler_topicswitch:1;ruler_topicswitch:2,ruler_multineedle:1;ruler_multineedle:2;ruler_variable:1
margin_le_5.22137e-05_and_ratio_le_0,6,3,3,14.923948405776173,11.59519905038178,0.1424400704275092,needle:1;ruler_multineedle:0;ruler_multineedle:1;ruler_multineedle:2;ruler_variable:1;ruler_topicswitch:2,ruler_multineedle:1;ruler_multineedle:2;ruler_variable:1
margin_le_5.22137e-05_and_ratio_le_0.0155119,6,3,3,14.923948405776173,11.59519905038178,0.1424400704275092,needle:1;ruler_multineedle:0;ruler_multineedle:1;ruler_multineedle:2;ruler_variable:1;ruler_topicswitch:2,ruler_multineedle:1;ruler_multineedle:2;ruler_variable:1
margin_le_5.22137e-05_and_ratio_le_0.0971145,6,3,3,14.923948405776173,11.59519905038178,0.1424400704275092,needle:1;ruler_multineedle:0;ruler_multineedle:1;ruler_multineedle:2;ruler_variable:1;ruler_topicswitch:2,ruler_multineedle:1;ruler_multineedle:2;ruler_variable:1
margin_le_4.79652e-05_and_ratio_le_0,5,2,3,11.62697537848726,11.59519905038178,0.1109724549255105,needle:1;ruler_multineedle:0;ruler_multineedle:1;ruler_multineedle:2;ruler_variable:1,ruler_multineedle:1;ruler_multineedle:2;ruler_variable:1
margin_le_4.79652e-05_and_ratio_le_0.0155119,5,2,3,11.62697537848726,11.59519905038178,0.1109724549255105,needle:1;ruler_multineedle:0;ruler_multineedle:1;ruler_multineedle:2;ruler_variable:1,ruler_multineedle:1;ruler_multineedle:2;ruler_variable:1
margin_le_4.79652e-05_and_ratio_le_0.0971145,5,2,3,11.62697537848726,11.59519905038178,0.1109724549255105,needle:1;ruler_multineedle:0;ruler_multineedle:1;ruler_multineedle:2;ruler_variable:1,ruler_multineedle:1;ruler_multineedle:2;ruler_variable:1
margin_le_4.65186e-05_and_ratio_le_0,4,1,3,6.6549102396238595,11.59519905038178,0.06351709731547242,needle:1;ruler_multineedle:1;ruler_multineedle:2;ruler_variable:1,ruler_multineedle:1;ruler_multineedle:2;ruler_variable:1
margin_le_4.65186e-05_and_ratio_le_0.0155119,4,1,3,6.6549102396238595,11.59519905038178,0.06351709731547242,needle:1;ruler_multineedle:1;ruler_multineedle:2;ruler_variable:1,ruler_multineedle:1;ruler_multineedle:2;ruler_variable:1
margin_le_4.65186e-05_and_ratio_le_0.0971145,4,1,3,6.6549102396238595,11.59519905038178,0.06351709731547242,needle:1;ruler_multineedle:1;ruler_multineedle:2;ruler_variable:1,ruler_multineedle:1;ruler_multineedle:2;ruler_variable:1
pairwise_le_0,4,1,3,3.2969730272889137,9.866627931594849,0.031467615501998704,ruler_variable:0;ruler_variable:1;ruler_topicswitch:0;ruler_topicswitch:2,ruler_variable:0;ruler_variable:1;ruler_topicswitch:0
margin_le_2.26831e-05,3,0,3,0,14.969209507573396,0.0,needle:2;ruler_multineedle:1;ruler_variable:1,needle:2;ruler_multineedle:1;ruler_variable:1
margin_le_2.26831e-05_and_ratio_le_0.109311,3,0,3,0,14.969209507573396,0.0,needle:2;ruler_multineedle:1;ruler_variable:1,needle:2;ruler_multineedle:1;ruler_variable:1
margin_le_2.26831e-05_and_ratio_le_1,3,0,3,0,14.969209507573396,0.0,needle:2;ruler_multineedle:1;ruler_variable:1,needle:2;ruler_multineedle:1;ruler_variable:1
margin_le_2.26831e-05_and_ratio_le_1.18883,3,0,3,0,14.969209507573396,0.0,needle:2;ruler_multineedle:1;ruler_variable:1,needle:2;ruler_multineedle:1;ruler_variable:1
margin_le_2.26831e-05_and_ratio_le_3.52516,3,0,3,0,14.969209507573396,0.0,needle:2;ruler_multineedle:1;ruler_variable:1,needle:2;ruler_multineedle:1;ruler_variable:1
margin_le_4.21103e-05_and_ratio_le_0,3,0,3,0,11.59519905038178,0.0,ruler_multineedle:1;ruler_multineedle:2;ruler_variable:1,ruler_multineedle:1;ruler_multineedle:2;ruler_variable:1
margin_le_4.21103e-05_and_ratio_le_0.0155119,3,0,3,0,11.59519905038178,0.0,ruler_multineedle:1;ruler_multineedle:2;ruler_variable:1,ruler_multineedle:1;ruler_multineedle:2;ruler_variable:1
margin_le_4.21103e-05_and_ratio_le_0.0971145,3,0,3,0,11.59519905038178,0.0,ruler_multineedle:1;ruler_multineedle:2;ruler_variable:1,ruler_multineedle:1;ruler_multineedle:2;ruler_variable:1
margin_le_0.000914671_and_ratio_le_0,9,5,4,24.90558960242197,20.420639457413927,0.23770880470442923,needle:0;needle:1;needle:3;ruler_multineedle:0;ruler_multineedle:1;ruler_multineedle:2;ruler_variable:1;ruler_topicswitch:1;ruler_topicswitch:2,needle:0;ruler_multineedle:1;ruler_multineedle:2;ruler_variable:1
margin_le_0.00225478_and_ratio_le_0,9,5,4,24.90558960242197,20.420639457413927,0.23770880470442923,needle:0;needle:1;needle:3;ruler_multineedle:0;ruler_multineedle:1;ruler_multineedle:2;ruler_variable:1;ruler_topicswitch:1;ruler_topicswitch:2,needle:0;ruler_multineedle:1;ruler_multineedle:2;ruler_variable:1
margin_le_0.00327363_and_ratio_le_0,9,5,4,24.90558960242197,20.420639457413927,0.23770880470442923,needle:0;needle:1;needle:3;ruler_multineedle:0;ruler_multineedle:1;ruler_multineedle:2;ruler_variable:1;ruler_topicswitch:1;ruler_topicswitch:2,needle:0;ruler_multineedle:1;ruler_multineedle:2;ruler_variable:1
margin_le_0.00527303_and_ratio_le_0,9,5,4,24.90558960242197,20.420639457413927,0.23770880470442923,needle:0;needle:1;needle:3;ruler_multineedle:0;ruler_multineedle:1;ruler_multineedle:2;ruler_variable:1;ruler_topicswitch:1;ruler_topicswitch:2,needle:0;ruler_multineedle:1;ruler_multineedle:2;ruler_variable:1
margin_le_0.00581508_and_ratio_le_0,9,5,4,24.90558960242197,20.420639457413927,0.23770880470442923,needle:0;needle:1;needle:3;ruler_multineedle:0;ruler_multineedle:1;ruler_multineedle:2;ruler_variable:1;ruler_topicswitch:1;ruler_topicswitch:2,needle:0;ruler_multineedle:1;ruler_multineedle:2;ruler_variable:1
margin_le_0.000119314_and_ratio_le_0,8,4,4,18.246673934627324,20.420639457413927,0.17415347799716138,needle:0;needle:1;ruler_multineedle:0;ruler_multineedle:1;ruler_multineedle:2;ruler_variable:1;ruler_topicswitch:1;ruler_topicswitch:2,needle:0;ruler_multineedle:1;ruler_multineedle:2;ruler_variable:1
margin_le_6.00495e-05,8,4,4,18.246673934627324,18.253971768310294,0.17415347799716138,needle:1;needle:2;ruler_multineedle:0;ruler_multineedle:1;ruler_multineedle:2;ruler_variable:1;ruler_topicswitch:1;ruler_topicswitch:2,needle:2;ruler_multineedle:1;ruler_multineedle:2;ruler_variable:1
margin_le_6.00495e-05_and_ratio_le_0.109311,8,4,4,18.246673934627324,18.253971768310294,0.17415347799716138,needle:1;needle:2;ruler_multineedle:0;ruler_multineedle:1;ruler_multineedle:2;ruler_variable:1;ruler_topicswitch:1;ruler_topicswitch:2,needle:2;ruler_multineedle:1;ruler_multineedle:2;ruler_variable:1
margin_le_6.00495e-05_and_ratio_le_1,8,4,4,18.246673934627324,18.253971768310294,0.17415347799716138,needle:1;needle:2;ruler_multineedle:0;ruler_multineedle:1;ruler_multineedle:2;ruler_variable:1;ruler_topicswitch:1;ruler_topicswitch:2,needle:2;ruler_multineedle:1;ruler_multineedle:2;ruler_variable:1
margin_le_6.00495e-05_and_ratio_le_1.18883,8,4,4,18.246673934627324,18.253971768310294,0.17415347799716138,needle:1;needle:2;ruler_multineedle:0;ruler_multineedle:1;ruler_multineedle:2;ruler_variable:1;ruler_topicswitch:1;ruler_topicswitch:2,needle:2;ruler_multineedle:1;ruler_multineedle:2;ruler_variable:1
margin_le_6.00495e-05_and_ratio_le_3.52516,8,4,4,18.246673934627324,18.253971768310294,0.17415347799716138,needle:1;needle:2;ruler_multineedle:0;ruler_multineedle:1;ruler_multineedle:2;ruler_variable:1;ruler_topicswitch:1;ruler_topicswitch:2,needle:2;ruler_multineedle:1;ruler_multineedle:2;ruler_variable:1
margin_le_7.61193e-05_and_ratio_le_0.0971145,8,4,4,18.246673934627324,14.875409769359976,0.17415347799716138,needle:1;ruler_multineedle:0;ruler_multineedle:1;ruler_multineedle:2;ruler_variable:1;ruler_topicswitch:0;ruler_topicswitch:1;ruler_topicswitch:2,ruler_multineedle:1;ruler_multineedle:2;ruler_variable:1;ruler_topicswitch:0
margin_le_8.51464e-05_and_ratio_le_0.0155119,8,4,4,18.246673934627324,14.863055681111291,0.17415347799716138,needle:1;ruler_multineedle:0;ruler_multineedle:1;ruler_multineedle:2;ruler_variable:0;ruler_variable:1;ruler_topicswitch:1;ruler_topicswitch:2,ruler_multineedle:1;ruler_multineedle:2;ruler_variable:0;ruler_variable:1
margin_le_5.22137e-05,7,3,4,14.923948405776173,18.253971768310294,0.1424400704275092,needle:1;needle:2;ruler_multineedle:0;ruler_multineedle:1;ruler_multineedle:2;ruler_variable:1;ruler_topicswitch:2,needle:2;ruler_multineedle:1;ruler_multineedle:2;ruler_variable:1
margin_le_5.22137e-05_and_ratio_le_0.109311,7,3,4,14.923948405776173,18.253971768310294,0.1424400704275092,needle:1;needle:2;ruler_multineedle:0;ruler_multineedle:1;ruler_multineedle:2;ruler_variable:1;ruler_topicswitch:2,needle:2;ruler_multineedle:1;ruler_multineedle:2;ruler_variable:1
margin_le_5.22137e-05_and_ratio_le_1,7,3,4,14.923948405776173,18.253971768310294,0.1424400704275092,needle:1;needle:2;ruler_multineedle:0;ruler_multineedle:1;ruler_multineedle:2;ruler_variable:1;ruler_topicswitch:2,needle:2;ruler_multineedle:1;ruler_multineedle:2;ruler_variable:1
margin_le_5.22137e-05_and_ratio_le_1.18883,7,3,4,14.923948405776173,18.253971768310294,0.1424400704275092,needle:1;needle:2;ruler_multineedle:0;ruler_multineedle:1;ruler_multineedle:2;ruler_variable:1;ruler_topicswitch:2,needle:2;ruler_multineedle:1;ruler_multineedle:2;ruler_variable:1
margin_le_5.22137e-05_and_ratio_le_3.52516,7,3,4,14.923948405776173,18.253971768310294,0.1424400704275092,needle:1;needle:2;ruler_multineedle:0;ruler_multineedle:1;ruler_multineedle:2;ruler_variable:1;ruler_topicswitch:2,needle:2;ruler_multineedle:1;ruler_multineedle:2;ruler_variable:1
margin_le_4.79652e-05,6,2,4,11.62697537848726,18.253971768310294,0.1109724549255105,needle:1;needle:2;ruler_multineedle:0;ruler_multineedle:1;ruler_multineedle:2;ruler_variable:1,needle:2;ruler_multineedle:1;ruler_multineedle:2;ruler_variable:1
margin_le_4.79652e-05_and_ratio_le_0.109311,6,2,4,11.62697537848726,18.253971768310294,0.1109724549255105,needle:1;needle:2;ruler_multineedle:0;ruler_multineedle:1;ruler_multineedle:2;ruler_variable:1,needle:2;ruler_multineedle:1;ruler_multineedle:2;ruler_variable:1
margin_le_4.79652e-05_and_ratio_le_1,6,2,4,11.62697537848726,18.253971768310294,0.1109724549255105,needle:1;needle:2;ruler_multineedle:0;ruler_multineedle:1;ruler_multineedle:2;ruler_variable:1,needle:2;ruler_multineedle:1;ruler_multineedle:2;ruler_variable:1
margin_le_4.79652e-05_and_ratio_le_1.18883,6,2,4,11.62697537848726,18.253971768310294,0.1109724549255105,needle:1;needle:2;ruler_multineedle:0;ruler_multineedle:1;ruler_multineedle:2;ruler_variable:1,needle:2;ruler_multineedle:1;ruler_multineedle:2;ruler_variable:1
margin_le_4.79652e-05_and_ratio_le_3.52516,6,2,4,11.62697537848726,18.253971768310294,0.1109724549255105,needle:1;needle:2;ruler_multineedle:0;ruler_multineedle:1;ruler_multineedle:2;ruler_variable:1,needle:2;ruler_multineedle:1;ruler_multineedle:2;ruler_variable:1
margin_le_4.65186e-05,5,1,4,6.6549102396238595,18.253971768310294,0.06351709731547242,needle:1;needle:2;ruler_multineedle:1;ruler_multineedle:2;ruler_variable:1,needle:2;ruler_multineedle:1;ruler_multineedle:2;ruler_variable:1
margin_le_4.65186e-05_and_ratio_le_0.109311,5,1,4,6.6549102396238595,18.253971768310294,0.06351709731547242,needle:1;needle:2;ruler_multineedle:1;ruler_multineedle:2;ruler_variable:1,needle:2;ruler_multineedle:1;ruler_multineedle:2;ruler_variable:1
margin_le_4.65186e-05_and_ratio_le_1,5,1,4,6.6549102396238595,18.253971768310294,0.06351709731547242,needle:1;needle:2;ruler_multineedle:1;ruler_multineedle:2;ruler_variable:1,needle:2;ruler_multineedle:1;ruler_multineedle:2;ruler_variable:1
margin_le_4.65186e-05_and_ratio_le_1.18883,5,1,4,6.6549102396238595,18.253971768310294,0.06351709731547242,needle:1;needle:2;ruler_multineedle:1;ruler_multineedle:2;ruler_variable:1,needle:2;ruler_multineedle:1;ruler_multineedle:2;ruler_variable:1
margin_le_4.65186e-05_and_ratio_le_3.52516,5,1,4,6.6549102396238595,18.253971768310294,0.06351709731547242,needle:1;needle:2;ruler_multineedle:1;ruler_multineedle:2;ruler_variable:1,needle:2;ruler_multineedle:1;ruler_multineedle:2;ruler_variable:1
pairwise_le_2.02137e-05,5,1,4,3.2969730272889137,18.692068338626996,0.031467615501998704,needle:0;ruler_variable:0;ruler_variable:1;ruler_topicswitch:0;ruler_topicswitch:2,needle:0;ruler_variable:0;ruler_variable:1;ruler_topicswitch:0
margin_le_4.21103e-05,4,0,4,0,18.253971768310294,0.0,needle:2;ruler_multineedle:1;ruler_multineedle:2;ruler_variable:1,needle:2;ruler_multineedle:1;ruler_multineedle:2;ruler_variable:1
margin_le_4.21103e-05_and_ratio_le_0.109311,4,0,4,0,18.253971768310294,0.0,needle:2;ruler_multineedle:1;ruler_multineedle:2;ruler_variable:1,needle:2;ruler_multineedle:1;ruler_multineedle:2;ruler_variable:1
margin_le_4.21103e-05_and_ratio_le_1,4,0,4,0,18.253971768310294,0.0,needle:2;ruler_multineedle:1;ruler_multineedle:2;ruler_variable:1,needle:2;ruler_multineedle:1;ruler_multineedle:2;ruler_variable:1
margin_le_4.21103e-05_and_ratio_le_1.18883,4,0,4,0,18.253971768310294,0.0,needle:2;ruler_multineedle:1;ruler_multineedle:2;ruler_variable:1,needle:2;ruler_multineedle:1;ruler_multineedle:2;ruler_variable:1
margin_le_4.21103e-05_and_ratio_le_3.52516,4,0,4,0,18.253971768310294,0.0,needle:2;ruler_multineedle:1;ruler_multineedle:2;ruler_variable:1,needle:2;ruler_multineedle:1;ruler_multineedle:2;ruler_variable:1
margin_le_0.00671903_and_ratio_le_0,11,6,5,29.85602945345454,23.74163586134091,0.2849577620082021,monte:1;needle:0;needle:1;needle:3;ruler_multineedle:0;ruler_multineedle:1;ruler_multineedle:2;ruler_variable:1;ruler_variable:2;ruler_topicswitch:1;ruler_topicswitch:2,monte:1;needle:0;ruler_multineedle:1;ruler_multineedle:2;ruler_variable:1
margin_le_0.0100904_and_ratio_le_0,11,6,5,29.85602945345454,23.74163586134091,0.2849577620082021,monte:1;needle:0;needle:1;needle:3;ruler_multineedle:0;ruler_multineedle:1;ruler_multineedle:2;ruler_variable:1;ruler_variable:2;ruler_topicswitch:1;ruler_topicswitch:2,monte:1;needle:0;ruler_multineedle:1;ruler_multineedle:2;ruler_variable:1
ratio_le_0,11,6,5,29.85602945345454,23.74163586134091,0.2849577620082021,monte:1;needle:0;needle:1;needle:3;ruler_multineedle:0;ruler_multineedle:1;ruler_multineedle:2;ruler_variable:1;ruler_variable:2;ruler_topicswitch:1;ruler_topicswitch:2,monte:1;needle:0;ruler_multineedle:1;ruler_multineedle:2;ruler_variable:1
margin_le_0.000914671_and_ratio_le_0.0155119,10,5,5,24.90558960242197,23.688496088143438,0.23770880470442923,needle:0;needle:1;needle:3;ruler_multineedle:0;ruler_multineedle:1;ruler_multineedle:2;ruler_variable:0;ruler_variable:1;ruler_topicswitch:1;ruler_topicswitch:2,needle:0;ruler_multineedle:1;ruler_multineedle:2;ruler_variable:0;ruler_variable:1
margin_le_0.00225478_and_ratio_le_0.0155119,10,5,5,24.90558960242197,23.688496088143438,0.23770880470442923,needle:0;needle:1;needle:3;ruler_multineedle:0;ruler_multineedle:1;ruler_multineedle:2;ruler_variable:0;ruler_variable:1;ruler_topicswitch:1;ruler_topicswitch:2,needle:0;ruler_multineedle:1;ruler_multineedle:2;ruler_variable:0;ruler_variable:1
margin_le_0.00327363_and_ratio_le_0.0155119,10,5,5,24.90558960242197,23.688496088143438,0.23770880470442923,needle:0;needle:1;needle:3;ruler_multineedle:0;ruler_multineedle:1;ruler_multineedle:2;ruler_variable:0;ruler_variable:1;ruler_topicswitch:1;ruler_topicswitch:2,needle:0;ruler_multineedle:1;ruler_multineedle:2;ruler_variable:0;ruler_variable:1
margin_le_0.00527303_and_ratio_le_0.0155119,10,5,5,24.90558960242197,23.688496088143438,0.23770880470442923,needle:0;needle:1;needle:3;ruler_multineedle:0;ruler_multineedle:1;ruler_multineedle:2;ruler_variable:0;ruler_variable:1;ruler_topicswitch:1;ruler_topicswitch:2,needle:0;ruler_multineedle:1;ruler_multineedle:2;ruler_variable:0;ruler_variable:1
margin_le_0.00581508_and_ratio_le_0.0155119,10,5,5,24.90558960242197,23.688496088143438,0.23770880470442923,needle:0;needle:1;needle:3;ruler_multineedle:0;ruler_multineedle:1;ruler_multineedle:2;ruler_variable:0;ruler_variable:1;ruler_topicswitch:1;ruler_topicswitch:2,needle:0;ruler_multineedle:1;ruler_multineedle:2;ruler_variable:0;ruler_variable:1
margin_le_0.0058938_and_ratio_le_0,10,5,5,24.90558960242197,23.74163586134091,0.23770880470442923,monte:1;needle:0;needle:1;needle:3;ruler_multineedle:0;ruler_multineedle:1;ruler_multineedle:2;ruler_variable:1;ruler_topicswitch:1;ruler_topicswitch:2,monte:1;needle:0;ruler_multineedle:1;ruler_multineedle:2;ruler_variable:1
margin_le_0.000119314_and_ratio_le_0.0155119,9,4,5,18.246673934627324,23.688496088143438,0.17415347799716138,needle:0;needle:1;ruler_multineedle:0;ruler_multineedle:1;ruler_multineedle:2;ruler_variable:0;ruler_variable:1;ruler_topicswitch:1;ruler_topicswitch:2,needle:0;ruler_multineedle:1;ruler_multineedle:2;ruler_variable:0;ruler_variable:1
margin_le_7.61193e-05,9,4,5,18.246673934627324,21.53418248728849,0.17415347799716138,needle:1;needle:2;ruler_multineedle:0;ruler_multineedle:1;ruler_multineedle:2;ruler_variable:1;ruler_topicswitch:0;ruler_topicswitch:1;ruler_topicswitch:2,needle:2;ruler_multineedle:1;ruler_multineedle:2;ruler_variable:1;ruler_topicswitch:0
margin_le_7.61193e-05_and_ratio_le_0.109311,9,4,5,18.246673934627324,21.53418248728849,0.17415347799716138,needle:1;needle:2;ruler_multineedle:0;ruler_multineedle:1;ruler_multineedle:2;ruler_variable:1;ruler_topicswitch:0;ruler_topicswitch:1;ruler_topicswitch:2,needle:2;ruler_multineedle:1;ruler_multineedle:2;ruler_variable:1;ruler_topicswitch:0
margin_le_7.61193e-05_and_ratio_le_1,9,4,5,18.246673934627324,21.53418248728849,0.17415347799716138,needle:1;needle:2;ruler_multineedle:0;ruler_multineedle:1;ruler_multineedle:2;ruler_variable:1;ruler_topicswitch:0;ruler_topicswitch:1;ruler_topicswitch:2,needle:2;ruler_multineedle:1;ruler_multineedle:2;ruler_variable:1;ruler_topicswitch:0
margin_le_7.61193e-05_and_ratio_le_1.18883,9,4,5,18.246673934627324,21.53418248728849,0.17415347799716138,needle:1;needle:2;ruler_multineedle:0;ruler_multineedle:1;ruler_multineedle:2;ruler_variable:1;ruler_topicswitch:0;ruler_topicswitch:1;ruler_topicswitch:2,needle:2;ruler_multineedle:1;ruler_multineedle:2;ruler_variable:1;ruler_topicswitch:0
margin_le_7.61193e-05_and_ratio_le_3.52516,9,4,5,18.246673934627324,21.53418248728849,0.17415347799716138,needle:1;needle:2;ruler_multineedle:0;ruler_multineedle:1;ruler_multineedle:2;ruler_variable:1;ruler_topicswitch:0;ruler_topicswitch:1;ruler_topicswitch:2,needle:2;ruler_multineedle:1;ruler_multineedle:2;ruler_variable:1;ruler_topicswitch:0
margin_le_8.51464e-05_and_ratio_le_0.0971145,9,4,5,18.246673934627324,18.143266400089487,0.17415347799716138,needle:1;ruler_multineedle:0;ruler_multineedle:1;ruler_multineedle:2;ruler_variable:0;ruler_variable:1;ruler_topicswitch:0;ruler_topicswitch:1;ruler_topicswitch:2,ruler_multineedle:1;ruler_multineedle:2;ruler_variable:0;ruler_variable:1;ruler_topicswitch:0
pairwise_le_7.62848e-05,9,4,5,18.246673934627324,21.976830599363893,0.17415347799716138,needle:0;needle:1;ruler_multineedle:0;ruler_multineedle:2;ruler_variable:0;ruler_variable:1;ruler_topicswitch:0;ruler_topicswitch:1;ruler_topicswitch:2,needle:0;ruler_multineedle:2;ruler_variable:0;ruler_variable:1;ruler_topicswitch:0
pairwise_le_6.26028e-05,8,3,5,11.591763695003465,21.976830599363893,0.11063638068168898,needle:0;ruler_multineedle:0;ruler_multineedle:2;ruler_variable:0;ruler_variable:1;ruler_topicswitch:0;ruler_topicswitch:1;ruler_topicswitch:2,needle:0;ruler_multineedle:2;ruler_variable:0;ruler_variable:1;ruler_topicswitch:0
pairwise_le_6.00495e-05,7,2,5,6.619698556140065,21.976830599363893,0.0631810230716509,needle:0;ruler_multineedle:2;ruler_variable:0;ruler_variable:1;ruler_topicswitch:0;ruler_topicswitch:1;ruler_topicswitch:2,needle:0;ruler_multineedle:2;ruler_variable:0;ruler_variable:1;ruler_topicswitch:0
pairwise_le_4.21103e-05,6,1,5,3.2969730272889137,21.976830599363893,0.031467615501998704,needle:0;ruler_multineedle:2;ruler_variable:0;ruler_variable:1;ruler_topicswitch:0;ruler_topicswitch:2,needle:0;ruler_multineedle:2;ruler_variable:0;ruler_variable:1;ruler_topicswitch:0
margin_le_0.00671903_and_ratio_le_0.0155119,12,6,6,29.85602945345454,27.00949249207042,0.2849577620082021,monte:1;needle:0;needle:1;needle:3;ruler_multineedle:0;ruler_multineedle:1;ruler_multineedle:2;ruler_variable:0;ruler_variable:1;ruler_variable:2;ruler_topicswitch:1;ruler_topicswitch:2,monte:1;needle:0;ruler_multineedle:1;ruler_multineedle:2;ruler_variable:0;ruler_variable:1
margin_le_0.0100904_and_ratio_le_0.0155119,12,6,6,29.85602945345454,27.00949249207042,0.2849577620082021,monte:1;needle:0;needle:1;needle:3;ruler_multineedle:0;ruler_multineedle:1;ruler_multineedle:2;ruler_variable:0;ruler_variable:1;ruler_variable:2;ruler_topicswitch:1;ruler_topicswitch:2,monte:1;needle:0;ruler_multineedle:1;ruler_multineedle:2;ruler_variable:0;ruler_variable:1
ratio_le_0.0155119,12,6,6,29.85602945345454,27.00949249207042,0.2849577620082021,monte:1;needle:0;needle:1;needle:3;ruler_multineedle:0;ruler_multineedle:1;ruler_multineedle:2;ruler_variable:0;ruler_variable:1;ruler_variable:2;ruler_topicswitch:1;ruler_topicswitch:2,monte:1;needle:0;ruler_multineedle:1;ruler_multineedle:2;ruler_variable:0;ruler_variable:1
margin_le_0.000914671_and_ratio_le_0.0971145,11,5,6,24.90558960242197,26.968706807121634,0.23770880470442923,needle:0;needle:1;needle:3;ruler_multineedle:0;ruler_multineedle:1;ruler_multineedle:2;ruler_variable:0;ruler_variable:1;ruler_topicswitch:0;ruler_topicswitch:1;ruler_topicswitch:2,needle:0;ruler_multineedle:1;ruler_multineedle:2;ruler_variable:0;ruler_variable:1;ruler_topicswitch:0
margin_le_0.00225478_and_ratio_le_0.0971145,11,5,6,24.90558960242197,26.968706807121634,0.23770880470442923,needle:0;needle:1;needle:3;ruler_multineedle:0;ruler_multineedle:1;ruler_multineedle:2;ruler_variable:0;ruler_variable:1;ruler_topicswitch:0;ruler_topicswitch:1;ruler_topicswitch:2,needle:0;ruler_multineedle:1;ruler_multineedle:2;ruler_variable:0;ruler_variable:1;ruler_topicswitch:0
margin_le_0.00327363_and_ratio_le_0.0971145,11,5,6,24.90558960242197,26.968706807121634,0.23770880470442923,needle:0;needle:1;needle:3;ruler_multineedle:0;ruler_multineedle:1;ruler_multineedle:2;ruler_variable:0;ruler_variable:1;ruler_topicswitch:0;ruler_topicswitch:1;ruler_topicswitch:2,needle:0;ruler_multineedle:1;ruler_multineedle:2;ruler_variable:0;ruler_variable:1;ruler_topicswitch:0
margin_le_0.00527303_and_ratio_le_0.0971145,11,5,6,24.90558960242197,26.968706807121634,0.23770880470442923,needle:0;needle:1;needle:3;ruler_multineedle:0;ruler_multineedle:1;ruler_multineedle:2;ruler_variable:0;ruler_variable:1;ruler_topicswitch:0;ruler_topicswitch:1;ruler_topicswitch:2,needle:0;ruler_multineedle:1;ruler_multineedle:2;ruler_variable:0;ruler_variable:1;ruler_topicswitch:0
margin_le_0.00581508_and_ratio_le_0.0971145,11,5,6,24.90558960242197,26.968706807121634,0.23770880470442923,needle:0;needle:1;needle:3;ruler_multineedle:0;ruler_multineedle:1;ruler_multineedle:2;ruler_variable:0;ruler_variable:1;ruler_topicswitch:0;ruler_topicswitch:1;ruler_topicswitch:2,needle:0;ruler_multineedle:1;ruler_multineedle:2;ruler_variable:0;ruler_variable:1;ruler_topicswitch:0
margin_le_0.0058938_and_ratio_le_0.0155119,11,5,6,24.90558960242197,27.00949249207042,0.23770880470442923,monte:1;needle:0;needle:1;needle:3;ruler_multineedle:0;ruler_multineedle:1;ruler_multineedle:2;ruler_variable:0;ruler_variable:1;ruler_topicswitch:1;ruler_topicswitch:2,monte:1;needle:0;ruler_multineedle:1;ruler_multineedle:2;ruler_variable:0;ruler_variable:1
margin_le_0.000119314_and_ratio_le_0.0971145,10,4,6,18.246673934627324,26.968706807121634,0.17415347799716138,needle:0;needle:1;ruler_multineedle:0;ruler_multineedle:1;ruler_multineedle:2;ruler_variable:0;ruler_variable:1;ruler_topicswitch:0;ruler_topicswitch:1;ruler_topicswitch:2,needle:0;ruler_multineedle:1;ruler_multineedle:2;ruler_variable:0;ruler_variable:1;ruler_topicswitch:0
margin_le_8.51464e-05,10,4,6,18.246673934627324,24.802039118018,0.17415347799716138,needle:1;needle:2;ruler_multineedle:0;ruler_multineedle:1;ruler_multineedle:2;ruler_variable:0;ruler_variable:1;ruler_topicswitch:0;ruler_topicswitch:1;ruler_topicswitch:2,needle:2;ruler_multineedle:1;ruler_multineedle:2;ruler_variable:0;ruler_variable:1;ruler_topicswitch:0
margin_le_8.51464e-05_and_ratio_le_0.109311,10,4,6,18.246673934627324,24.802039118018,0.17415347799716138,needle:1;needle:2;ruler_multineedle:0;ruler_multineedle:1;ruler_multineedle:2;ruler_variable:0;ruler_variable:1;ruler_topicswitch:0;ruler_topicswitch:1;ruler_topicswitch:2,needle:2;ruler_multineedle:1;ruler_multineedle:2;ruler_variable:0;ruler_variable:1;ruler_topicswitch:0
margin_le_8.51464e-05_and_ratio_le_1,10,4,6,18.246673934627324,24.802039118018,0.17415347799716138,needle:1;needle:2;ruler_multineedle:0;ruler_multineedle:1;ruler_multineedle:2;ruler_variable:0;ruler_variable:1;ruler_topicswitch:0;ruler_topicswitch:1;ruler_topicswitch:2,needle:2;ruler_multineedle:1;ruler_multineedle:2;ruler_variable:0;ruler_variable:1;ruler_topicswitch:0
margin_le_8.51464e-05_and_ratio_le_1.18883,10,4,6,18.246673934627324,24.802039118018,0.17415347799716138,needle:1;needle:2;ruler_multineedle:0;ruler_multineedle:1;ruler_multineedle:2;ruler_variable:0;ruler_variable:1;ruler_topicswitch:0;ruler_topicswitch:1;ruler_topicswitch:2,needle:2;ruler_multineedle:1;ruler_multineedle:2;ruler_variable:0;ruler_variable:1;ruler_topicswitch:0
margin_le_8.51464e-05_and_ratio_le_3.52516,10,4,6,18.246673934627324,24.802039118018,0.17415347799716138,needle:1;needle:2;ruler_multineedle:0;ruler_multineedle:1;ruler_multineedle:2;ruler_variable:0;ruler_variable:1;ruler_topicswitch:0;ruler_topicswitch:1;ruler_topicswitch:2,needle:2;ruler_multineedle:1;ruler_multineedle:2;ruler_variable:0;ruler_variable:1;ruler_topicswitch:0
pairwise_le_0.000155794,10,4,6,18.246673934627324,28.635603317292407,0.17415347799716138,needle:0;needle:1;needle:2;ruler_multineedle:0;ruler_multineedle:2;ruler_variable:0;ruler_variable:1;ruler_topicswitch:0;ruler_topicswitch:1;ruler_topicswitch:2,needle:0;needle:2;ruler_multineedle:2;ruler_variable:0;ruler_variable:1;ruler_topicswitch:0
margin_le_0.00527303,15,8,7,42.738090141443536,33.62747952505015,0.40790924788565336,hard:1;hard:2;monte:0;needle:0;needle:1;needle:2;needle:3;ruler_multineedle:0;ruler_multineedle:1;ruler_multineedle:2;ruler_variable:0;ruler_variable:1;ruler_topicswitch:0;ruler_topicswitch:1;ruler_topicswitch:2,needle:0;needle:2;ruler_multineedle:1;ruler_multineedle:2;ruler_variable:0;ruler_variable:1;ruler_topicswitch:0
margin_le_0.00527303_and_ratio_le_1,15,8,7,42.738090141443536,33.62747952505015,0.40790924788565336,hard:1;hard:2;monte:0;needle:0;needle:1;needle:2;needle:3;ruler_multineedle:0;ruler_multineedle:1;ruler_multineedle:2;ruler_variable:0;ruler_variable:1;ruler_topicswitch:0;ruler_topicswitch:1;ruler_topicswitch:2,needle:0;needle:2;ruler_multineedle:1;ruler_multineedle:2;ruler_variable:0;ruler_variable:1;ruler_topicswitch:0
margin_le_0.00527303_and_ratio_le_1.18883,15,8,7,42.738090141443536,33.62747952505015,0.40790924788565336,hard:1;hard:2;monte:0;needle:0;needle:1;needle:2;needle:3;ruler_multineedle:0;ruler_multineedle:1;ruler_multineedle:2;ruler_variable:0;ruler_variable:1;ruler_topicswitch:0;ruler_topicswitch:1;ruler_topicswitch:2,needle:0;needle:2;ruler_multineedle:1;ruler_multineedle:2;ruler_variable:0;ruler_variable:1;ruler_topicswitch:0
margin_le_0.00527303_and_ratio_le_3.52516,15,8,7,42.738090141443536,33.62747952505015,0.40790924788565336,hard:1;hard:2;monte:0;needle:0;needle:1;needle:2;needle:3;ruler_multineedle:0;ruler_multineedle:1;ruler_multineedle:2;ruler_variable:0;ruler_variable:1;ruler_topicswitch:0;ruler_topicswitch:1;ruler_topicswitch:2,needle:0;needle:2;ruler_multineedle:1;ruler_multineedle:2;ruler_variable:0;ruler_variable:1;ruler_topicswitch:0
margin_le_0.00581508_and_ratio_le_1,15,8,7,42.738090141443536,33.62747952505015,0.40790924788565336,hard:1;hard:2;monte:0;needle:0;needle:1;needle:2;needle:3;ruler_multineedle:0;ruler_multineedle:1;ruler_multineedle:2;ruler_variable:0;ruler_variable:1;ruler_topicswitch:0;ruler_topicswitch:1;ruler_topicswitch:2,needle:0;needle:2;ruler_multineedle:1;ruler_multineedle:2;ruler_variable:0;ruler_variable:1;ruler_topicswitch:0
margin_le_0.00327363,14,7,7,38.291970094433054,33.62747952505015,0.36547371839935344,hard:1;monte:0;needle:0;needle:1;needle:2;needle:3;ruler_multineedle:0;ruler_multineedle:1;ruler_multineedle:2;ruler_variable:0;ruler_variable:1;ruler_topicswitch:0;ruler_topicswitch:1;ruler_topicswitch:2,needle:0;needle:2;ruler_multineedle:1;ruler_multineedle:2;ruler_variable:0;ruler_variable:1;ruler_topicswitch:0
margin_le_0.00327363_and_ratio_le_1,14,7,7,38.291970094433054,33.62747952505015,0.36547371839935344,hard:1;monte:0;needle:0;needle:1;needle:2;needle:3;ruler_multineedle:0;ruler_multineedle:1;ruler_multineedle:2;ruler_variable:0;ruler_variable:1;ruler_topicswitch:0;ruler_topicswitch:1;ruler_topicswitch:2,needle:0;needle:2;ruler_multineedle:1;ruler_multineedle:2;ruler_variable:0;ruler_variable:1;ruler_topicswitch:0
margin_le_0.00327363_and_ratio_le_1.18883,14,7,7,38.291970094433054,33.62747952505015,0.36547371839935344,hard:1;monte:0;needle:0;needle:1;needle:2;needle:3;ruler_multineedle:0;ruler_multineedle:1;ruler_multineedle:2;ruler_variable:0;ruler_variable:1;ruler_topicswitch:0;ruler_topicswitch:1;ruler_topicswitch:2,needle:0;needle:2;ruler_multineedle:1;ruler_multineedle:2;ruler_variable:0;ruler_variable:1;ruler_topicswitch:0
margin_le_0.00327363_and_ratio_le_3.52516,14,7,7,38.291970094433054,33.62747952505015,0.36547371839935344,hard:1;monte:0;needle:0;needle:1;needle:2;needle:3;ruler_multineedle:0;ruler_multineedle:1;ruler_multineedle:2;ruler_variable:0;ruler_variable:1;ruler_topicswitch:0;ruler_topicswitch:1;ruler_topicswitch:2,needle:0;needle:2;ruler_multineedle:1;ruler_multineedle:2;ruler_variable:0;ruler_variable:1;ruler_topicswitch:0
margin_le_0.00671903_and_ratio_le_0.0971145,13,6,7,29.85602945345454,30.289703211048618,0.2849577620082021,monte:1;needle:0;needle:1;needle:3;ruler_multineedle:0;ruler_multineedle:1;ruler_multineedle:2;ruler_variable:0;ruler_variable:1;ruler_variable:2;ruler_topicswitch:0;ruler_topicswitch:1;ruler_topicswitch:2,monte:1;needle:0;ruler_multineedle:1;ruler_multineedle:2;ruler_variable:0;ruler_variable:1;ruler_topicswitch:0
margin_le_0.0100904_and_ratio_le_0.0971145,13,6,7,29.85602945345454,30.289703211048618,0.2849577620082021,monte:1;needle:0;needle:1;needle:3;ruler_multineedle:0;ruler_multineedle:1;ruler_multineedle:2;ruler_variable:0;ruler_variable:1;ruler_variable:2;ruler_topicswitch:0;ruler_topicswitch:1;ruler_topicswitch:2,monte:1;needle:0;ruler_multineedle:1;ruler_multineedle:2;ruler_variable:0;ruler_variable:1;ruler_topicswitch:0
ratio_le_0.0971145,13,6,7,29.85602945345454,30.289703211048618,0.2849577620082021,monte:1;needle:0;needle:1;needle:3;ruler_multineedle:0;ruler_multineedle:1;ruler_multineedle:2;ruler_variable:0;ruler_variable:1;ruler_variable:2;ruler_topicswitch:0;ruler_topicswitch:1;ruler_topicswitch:2,monte:1;needle:0;ruler_multineedle:1;ruler_multineedle:2;ruler_variable:0;ruler_variable:1;ruler_topicswitch:0
pairwise_le_0.0067781,14,7,7,29.85411553364247,33.62747952505015,0.2849394947999934,hard:2;monte:0;needle:0;needle:1;needle:2;ruler_multineedle:0;ruler_multineedle:1;ruler_multineedle:2;ruler_variable:0;ruler_variable:1;ruler_variable:2;ruler_topicswitch:0;ruler_topicswitch:1;ruler_topicswitch:2,needle:0;needle:2;ruler_multineedle:1;ruler_multineedle:2;ruler_variable:0;ruler_variable:1;ruler_topicswitch:0
margin_le_0.00225478,13,6,7,27.116471303394064,33.62747952505015,0.2588103347171885,monte:0;needle:0;needle:1;needle:2;needle:3;ruler_multineedle:0;ruler_multineedle:1;ruler_multineedle:2;ruler_variable:0;ruler_variable:1;ruler_topicswitch:0;ruler_topicswitch:1;ruler_topicswitch:2,needle:0;needle:2;ruler_multineedle:1;ruler_multineedle:2;ruler_variable:0;ruler_variable:1;ruler_topicswitch:0
margin_le_0.00225478_and_ratio_le_1,13,6,7,27.116471303394064,33.62747952505015,0.2588103347171885,monte:0;needle:0;needle:1;needle:2;needle:3;ruler_multineedle:0;ruler_multineedle:1;ruler_multineedle:2;ruler_variable:0;ruler_variable:1;ruler_topicswitch:0;ruler_topicswitch:1;ruler_topicswitch:2,needle:0;needle:2;ruler_multineedle:1;ruler_multineedle:2;ruler_variable:0;ruler_variable:1;ruler_topicswitch:0
margin_le_0.00225478_and_ratio_le_1.18883,13,6,7,27.116471303394064,33.62747952505015,0.2588103347171885,monte:0;needle:0;needle:1;needle:2;needle:3;ruler_multineedle:0;ruler_multineedle:1;ruler_multineedle:2;ruler_variable:0;ruler_variable:1;ruler_topicswitch:0;ruler_topicswitch:1;ruler_topicswitch:2,needle:0;needle:2;ruler_multineedle:1;ruler_multineedle:2;ruler_variable:0;ruler_variable:1;ruler_topicswitch:0
margin_le_0.00225478_and_ratio_le_3.52516,13,6,7,27.116471303394064,33.62747952505015,0.2588103347171885,monte:0;needle:0;needle:1;needle:2;needle:3;ruler_multineedle:0;ruler_multineedle:1;ruler_multineedle:2;ruler_variable:0;ruler_variable:1;ruler_topicswitch:0;ruler_topicswitch:1;ruler_topicswitch:2,needle:0;needle:2;ruler_multineedle:1;ruler_multineedle:2;ruler_variable:0;ruler_variable:1;ruler_topicswitch:0
margin_le_0.000914671,12,5,7,24.90558960242197,33.62747952505015,0.23770880470442923,needle:0;needle:1;needle:2;needle:3;ruler_multineedle:0;ruler_multineedle:1;ruler_multineedle:2;ruler_variable:0;ruler_variable:1;ruler_topicswitch:0;ruler_topicswitch:1;ruler_topicswitch:2,needle:0;needle:2;ruler_multineedle:1;ruler_multineedle:2;ruler_variable:0;ruler_variable:1;ruler_topicswitch:0
margin_le_0.000914671_and_ratio_le_0.109311,12,5,7,24.90558960242197,33.62747952505015,0.23770880470442923,needle:0;needle:1;needle:2;needle:3;ruler_multineedle:0;ruler_multineedle:1;ruler_multineedle:2;ruler_variable:0;ruler_variable:1;ruler_topicswitch:0;ruler_topicswitch:1;ruler_topicswitch:2,needle:0;needle:2;ruler_multineedle:1;ruler_multineedle:2;ruler_variable:0;ruler_variable:1;ruler_topicswitch:0
margin_le_0.000914671_and_ratio_le_1,12,5,7,24.90558960242197,33.62747952505015,0.23770880470442923,needle:0;needle:1;needle:2;needle:3;ruler_multineedle:0;ruler_multineedle:1;ruler_multineedle:2;ruler_variable:0;ruler_variable:1;ruler_topicswitch:0;ruler_topicswitch:1;ruler_topicswitch:2,needle:0;needle:2;ruler_multineedle:1;ruler_multineedle:2;ruler_variable:0;ruler_variable:1;ruler_topicswitch:0
margin_le_0.000914671_and_ratio_le_1.18883,12,5,7,24.90558960242197,33.62747952505015,0.23770880470442923,needle:0;needle:1;needle:2;needle:3;ruler_multineedle:0;ruler_multineedle:1;ruler_multineedle:2;ruler_variable:0;ruler_variable:1;ruler_topicswitch:0;ruler_topicswitch:1;ruler_topicswitch:2,needle:0;needle:2;ruler_multineedle:1;ruler_multineedle:2;ruler_variable:0;ruler_variable:1;ruler_topicswitch:0
margin_le_0.000914671_and_ratio_le_3.52516,12,5,7,24.90558960242197,33.62747952505015,0.23770880470442923,needle:0;needle:1;needle:2;needle:3;ruler_multineedle:0;ruler_multineedle:1;ruler_multineedle:2;ruler_variable:0;ruler_variable:1;ruler_topicswitch:0;ruler_topicswitch:1;ruler_topicswitch:2,needle:0;needle:2;ruler_multineedle:1;ruler_multineedle:2;ruler_variable:0;ruler_variable:1;ruler_topicswitch:0
margin_le_0.00225478_and_ratio_le_0.109311,12,5,7,24.90558960242197,33.62747952505015,0.23770880470442923,needle:0;needle:1;needle:2;needle:3;ruler_multineedle:0;ruler_multineedle:1;ruler_multineedle:2;ruler_variable:0;ruler_variable:1;ruler_topicswitch:0;ruler_topicswitch:1;ruler_topicswitch:2,needle:0;needle:2;ruler_multineedle:1;ruler_multineedle:2;ruler_variable:0;ruler_variable:1;ruler_topicswitch:0
margin_le_0.00327363_and_ratio_le_0.109311,12,5,7,24.90558960242197,33.62747952505015,0.23770880470442923,needle:0;needle:1;needle:2;needle:3;ruler_multineedle:0;ruler_multineedle:1;ruler_multineedle:2;ruler_variable:0;ruler_variable:1;ruler_topicswitch:0;ruler_topicswitch:1;ruler_topicswitch:2,needle:0;needle:2;ruler_multineedle:1;ruler_multineedle:2;ruler_variable:0;ruler_variable:1;ruler_topicswitch:0
margin_le_0.00527303_and_ratio_le_0.109311,12,5,7,24.90558960242197,33.62747952505015,0.23770880470442923,needle:0;needle:1;needle:2;needle:3;ruler_multineedle:0;ruler_multineedle:1;ruler_multineedle:2;ruler_variable:0;ruler_variable:1;ruler_topicswitch:0;ruler_topicswitch:1;ruler_topicswitch:2,needle:0;needle:2;ruler_multineedle:1;ruler_multineedle:2;ruler_variable:0;ruler_variable:1;ruler_topicswitch:0
margin_le_0.00581508_and_ratio_le_0.109311,12,5,7,24.90558960242197,33.62747952505015,0.23770880470442923,needle:0;needle:1;needle:2;needle:3;ruler_multineedle:0;ruler_multineedle:1;ruler_multineedle:2;ruler_variable:0;ruler_variable:1;ruler_topicswitch:0;ruler_topicswitch:1;ruler_topicswitch:2,needle:0;needle:2;ruler_multineedle:1;ruler_multineedle:2;ruler_variable:0;ruler_variable:1;ruler_topicswitch:0
margin_le_0.0058938_and_ratio_le_0.0971145,12,5,7,24.90558960242197,30.289703211048618,0.23770880470442923,monte:1;needle:0;needle:1;needle:3;ruler_multineedle:0;ruler_multineedle:1;ruler_multineedle:2;ruler_variable:0;ruler_variable:1;ruler_topicswitch:0;ruler_topicswitch:1;ruler_topicswitch:2,monte:1;needle:0;ruler_multineedle:1;ruler_multineedle:2;ruler_variable:0;ruler_variable:1;ruler_topicswitch:0
pairwise_le_0.00527303,13,6,7,24.9036756826099,33.62747952505015,0.23769053749622057,hard:2;monte:0;needle:0;needle:1;needle:2;ruler_multineedle:0;ruler_multineedle:1;ruler_multineedle:2;ruler_variable:0;ruler_variable:1;ruler_topicswitch:0;ruler_topicswitch:1;ruler_topicswitch:2,needle:0;needle:2;ruler_multineedle:1;ruler_multineedle:2;ruler_variable:0;ruler_variable:1;ruler_topicswitch:0
pairwise_le_0.00225478,12,5,7,20.45755563559942,33.62747952505015,0.19525500800992066,monte:0;needle:0;needle:1;needle:2;ruler_multineedle:0;ruler_multineedle:1;ruler_multineedle:2;ruler_variable:0;ruler_variable:1;ruler_topicswitch:0;ruler_topicswitch:1;ruler_topicswitch:2,needle:0;needle:2;ruler_multineedle:1;ruler_multineedle:2;ruler_variable:0;ruler_variable:1;ruler_topicswitch:0
margin_le_0.000119314,11,4,7,18.246673934627324,33.62747952505015,0.17415347799716138,needle:0;needle:1;needle:2;ruler_multineedle:0;ruler_multineedle:1;ruler_multineedle:2;ruler_variable:0;ruler_variable:1;ruler_topicswitch:0;ruler_topicswitch:1;ruler_topicswitch:2,needle:0;needle:2;ruler_multineedle:1;ruler_multineedle:2;ruler_variable:0;ruler_variable:1;ruler_topicswitch:0
margin_le_0.000119314_and_ratio_le_0.109311,11,4,7,18.246673934627324,33.62747952505015,0.17415347799716138,needle:0;needle:1;needle:2;ruler_multineedle:0;ruler_multineedle:1;ruler_multineedle:2;ruler_variable:0;ruler_variable:1;ruler_topicswitch:0;ruler_topicswitch:1;ruler_topicswitch:2,needle:0;needle:2;ruler_multineedle:1;ruler_multineedle:2;ruler_variable:0;ruler_variable:1;ruler_topicswitch:0
margin_le_0.000119314_and_ratio_le_1,11,4,7,18.246673934627324,33.62747952505015,0.17415347799716138,needle:0;needle:1;needle:2;ruler_multineedle:0;ruler_multineedle:1;ruler_multineedle:2;ruler_variable:0;ruler_variable:1;ruler_topicswitch:0;ruler_topicswitch:1;ruler_topicswitch:2,needle:0;needle:2;ruler_multineedle:1;ruler_multineedle:2;ruler_variable:0;ruler_variable:1;ruler_topicswitch:0
margin_le_0.000119314_and_ratio_le_1.18883,11,4,7,18.246673934627324,33.62747952505015,0.17415347799716138,needle:0;needle:1;needle:2;ruler_multineedle:0;ruler_multineedle:1;ruler_multineedle:2;ruler_variable:0;ruler_variable:1;ruler_topicswitch:0;ruler_topicswitch:1;ruler_topicswitch:2,needle:0;needle:2;ruler_multineedle:1;ruler_multineedle:2;ruler_variable:0;ruler_variable:1;ruler_topicswitch:0
margin_le_0.000119314_and_ratio_le_3.52516,11,4,7,18.246673934627324,33.62747952505015,0.17415347799716138,needle:0;needle:1;needle:2;ruler_multineedle:0;ruler_multineedle:1;ruler_multineedle:2;ruler_variable:0;ruler_variable:1;ruler_topicswitch:0;ruler_topicswitch:1;ruler_topicswitch:2,needle:0;needle:2;ruler_multineedle:1;ruler_multineedle:2;ruler_variable:0;ruler_variable:1;ruler_topicswitch:0
pairwise_le_0.00016144,11,4,7,18.246673934627324,33.62747952505015,0.17415347799716138,needle:0;needle:1;needle:2;ruler_multineedle:0;ruler_multineedle:1;ruler_multineedle:2;ruler_variable:0;ruler_variable:1;ruler_topicswitch:0;ruler_topicswitch:1;ruler_topicswitch:2,needle:0;needle:2;ruler_multineedle:1;ruler_multineedle:2;ruler_variable:0;ruler_variable:1;ruler_topicswitch:0
margin_le_0.00671903_and_ratio_le_1,17,9,8,47.688529992476106,36.94847592897713,0.45515820518942623,hard:1;hard:2;monte:0;monte:1;needle:0;needle:1;needle:2;needle:3;ruler_multineedle:0;ruler_multineedle:1;ruler_multineedle:2;ruler_variable:0;ruler_variable:1;ruler_variable:2;ruler_topicswitch:0;ruler_topicswitch:1;ruler_topicswitch:2,monte:1;needle:0;needle:2;ruler_multineedle:1;ruler_multineedle:2;ruler_variable:0;ruler_variable:1;ruler_topicswitch:0
margin_le_0.0100904_and_ratio_le_1,17,9,8,47.688529992476106,36.94847592897713,0.45515820518942623,hard:1;hard:2;monte:0;monte:1;needle:0;needle:1;needle:2;needle:3;ruler_multineedle:0;ruler_multineedle:1;ruler_multineedle:2;ruler_variable:0;ruler_variable:1;ruler_variable:2;ruler_topicswitch:0;ruler_topicswitch:1;ruler_topicswitch:2,monte:1;needle:0;needle:2;ruler_multineedle:1;ruler_multineedle:2;ruler_variable:0;ruler_variable:1;ruler_topicswitch:0
pairwise_le_0.0127531,17,9,8,47.688529992476106,44.76069102529436,0.45515820518942623,hard:1;hard:2;hard:3;monte:0;needle:0;needle:1;needle:2;needle:3;ruler_multineedle:0;ruler_multineedle:1;ruler_multineedle:2;ruler_variable:0;ruler_variable:1;ruler_variable:2;ruler_topicswitch:0;ruler_topicswitch:1;ruler_topicswitch:2,hard:3;needle:0;needle:2;ruler_multineedle:1;ruler_multineedle:2;ruler_variable:0;ruler_variable:1;ruler_topicswitch:0
ratio_le_1,17,9,8,47.688529992476106,36.94847592897713,0.45515820518942623,hard:1;hard:2;monte:0;monte:1;needle:0;needle:1;needle:2;needle:3;ruler_multineedle:0;ruler_multineedle:1;ruler_multineedle:2;ruler_variable:0;ruler_variable:1;ruler_variable:2;ruler_topicswitch:0;ruler_topicswitch:1;ruler_topicswitch:2,monte:1;needle:0;needle:2;ruler_multineedle:1;ruler_multineedle:2;ruler_variable:0;ruler_variable:1;ruler_topicswitch:0
margin_le_0.00581508,16,8,8,42.738090141443536,42.63078798679635,0.40790924788565336,hard:0;hard:1;hard:2;monte:0;needle:0;needle:1;needle:2;needle:3;ruler_multineedle:0;ruler_multineedle:1;ruler_multineedle:2;ruler_variable:0;ruler_variable:1;ruler_topicswitch:0;ruler_topicswitch:1;ruler_topicswitch:2,hard:0;needle:0;needle:2;ruler_multineedle:1;ruler_multineedle:2;ruler_variable:0;ruler_variable:1;ruler_topicswitch:0
margin_le_0.00581508_and_ratio_le_1.18883,16,8,8,42.738090141443536,42.63078798679635,0.40790924788565336,hard:0;hard:1;hard:2;monte:0;needle:0;needle:1;needle:2;needle:3;ruler_multineedle:0;ruler_multineedle:1;ruler_multineedle:2;ruler_variable:0;ruler_variable:1;ruler_topicswitch:0;ruler_topicswitch:1;ruler_topicswitch:2,hard:0;needle:0;needle:2;ruler_multineedle:1;ruler_multineedle:2;ruler_variable:0;ruler_variable:1;ruler_topicswitch:0
margin_le_0.00581508_and_ratio_le_3.52516,16,8,8,42.738090141443536,42.63078798679635,0.40790924788565336,hard:0;hard:1;hard:2;monte:0;needle:0;needle:1;needle:2;needle:3;ruler_multineedle:0;ruler_multineedle:1;ruler_multineedle:2;ruler_variable:0;ruler_variable:1;ruler_topicswitch:0;ruler_topicswitch:1;ruler_topicswitch:2,hard:0;needle:0;needle:2;ruler_multineedle:1;ruler_multineedle:2;ruler_variable:0;ruler_variable:1;ruler_topicswitch:0
margin_le_0.0058938_and_ratio_le_1,16,8,8,42.738090141443536,36.94847592897713,0.40790924788565336,hard:1;hard:2;monte:0;monte:1;needle:0;needle:1;needle:2;needle:3;ruler_multineedle:0;ruler_multineedle:1;ruler_multineedle:2;ruler_variable:0;ruler_variable:1;ruler_topicswitch:0;ruler_topicswitch:1;ruler_topicswitch:2,monte:1;needle:0;needle:2;ruler_multineedle:1;ruler_multineedle:2;ruler_variable:0;ruler_variable:1;ruler_topicswitch:0
pairwise_le_0.0100643,16,8,8,36.513031201437116,44.76069102529436,0.3484948215072613,hard:2;hard:3;monte:0;needle:0;needle:1;needle:2;needle:3;ruler_multineedle:0;ruler_multineedle:1;ruler_multineedle:2;ruler_variable:0;ruler_variable:1;ruler_variable:2;ruler_topicswitch:0;ruler_topicswitch:1;ruler_topicswitch:2,hard:3;needle:0;needle:2;ruler_multineedle:1;ruler_multineedle:2;ruler_variable:0;ruler_variable:1;ruler_topicswitch:0
margin_le_0.00671903_and_ratio_le_0.109311,14,6,8,29.85602945345454,36.94847592897713,0.2849577620082021,monte:1;needle:0;needle:1;needle:2;needle:3;ruler_multineedle:0;ruler_multineedle:1;ruler_multineedle:2;ruler_variable:0;ruler_variable:1;ruler_variable:2;ruler_topicswitch:0;ruler_topicswitch:1;ruler_topicswitch:2,monte:1;needle:0;needle:2;ruler_multineedle:1;ruler_multineedle:2;ruler_variable:0;ruler_variable:1;ruler_topicswitch:0
margin_le_0.0100904_and_ratio_le_0.109311,14,6,8,29.85602945345454,36.94847592897713,0.2849577620082021,monte:1;needle:0;needle:1;needle:2;needle:3;ruler_multineedle:0;ruler_multineedle:1;ruler_multineedle:2;ruler_variable:0;ruler_variable:1;ruler_variable:2;ruler_topicswitch:0;ruler_topicswitch:1;ruler_topicswitch:2,monte:1;needle:0;needle:2;ruler_multineedle:1;ruler_multineedle:2;ruler_variable:0;ruler_variable:1;ruler_topicswitch:0
ratio_le_0.109311,14,6,8,29.85602945345454,36.94847592897713,0.2849577620082021,monte:1;needle:0;needle:1;needle:2;needle:3;ruler_multineedle:0;ruler_multineedle:1;ruler_multineedle:2;ruler_variable:0;ruler_variable:1;ruler_variable:2;ruler_topicswitch:0;ruler_topicswitch:1;ruler_topicswitch:2,monte:1;needle:0;needle:2;ruler_multineedle:1;ruler_multineedle:2;ruler_variable:0;ruler_variable:1;ruler_topicswitch:0
pairwise_le_0.010057,15,7,8,29.85411553364247,44.76069102529436,0.2849394947999934,hard:2;hard:3;monte:0;needle:0;needle:1;needle:2;ruler_multineedle:0;ruler_multineedle:1;ruler_multineedle:2;ruler_variable:0;ruler_variable:1;ruler_variable:2;ruler_topicswitch:0;ruler_topicswitch:1;ruler_topicswitch:2,hard:3;needle:0;needle:2;ruler_multineedle:1;ruler_multineedle:2;ruler_variable:0;ruler_variable:1;ruler_topicswitch:0
margin_le_0.0058938_and_ratio_le_0.109311,13,5,8,24.90558960242197,36.94847592897713,0.23770880470442923,monte:1;needle:0;needle:1;needle:2;needle:3;ruler_multineedle:0;ruler_multineedle:1;ruler_multineedle:2;ruler_variable:0;ruler_variable:1;ruler_topicswitch:0;ruler_topicswitch:1;ruler_topicswitch:2,monte:1;needle:0;needle:2;ruler_multineedle:1;ruler_multineedle:2;ruler_variable:0;ruler_variable:1;ruler_topicswitch:0
margin_le_0.00671903,18,9,9,47.688529992476106,45.95178439072333,0.45515820518942623,hard:0;hard:1;hard:2;monte:0;monte:1;needle:0;needle:1;needle:2;needle:3;ruler_multineedle:0;ruler_multineedle:1;ruler_multineedle:2;ruler_variable:0;ruler_variable:1;ruler_variable:2;ruler_topicswitch:0;ruler_topicswitch:1;ruler_topicswitch:2,hard:0;monte:1;needle:0;needle:2;ruler_multineedle:1;ruler_multineedle:2;ruler_variable:0;ruler_variable:1;ruler_topicswitch:0
margin_le_0.00671903_and_ratio_le_1.18883,18,9,9,47.688529992476106,45.95178439072333,0.45515820518942623,hard:0;hard:1;hard:2;monte:0;monte:1;needle:0;needle:1;needle:2;needle:3;ruler_multineedle:0;ruler_multineedle:1;ruler_multineedle:2;ruler_variable:0;ruler_variable:1;ruler_variable:2;ruler_topicswitch:0;ruler_topicswitch:1;ruler_topicswitch:2,hard:0;monte:1;needle:0;needle:2;ruler_multineedle:1;ruler_multineedle:2;ruler_variable:0;ruler_variable:1;ruler_topicswitch:0
margin_le_0.00671903_and_ratio_le_3.52516,18,9,9,47.688529992476106,45.95178439072333,0.45515820518942623,hard:0;hard:1;hard:2;monte:0;monte:1;needle:0;needle:1;needle:2;needle:3;ruler_multineedle:0;ruler_multineedle:1;ruler_multineedle:2;ruler_variable:0;ruler_variable:1;ruler_variable:2;ruler_topicswitch:0;ruler_topicswitch:1;ruler_topicswitch:2,hard:0;monte:1;needle:0;needle:2;ruler_multineedle:1;ruler_multineedle:2;ruler_variable:0;ruler_variable:1;ruler_topicswitch:0
margin_le_0.0100904_and_ratio_le_1.18883,18,9,9,47.688529992476106,45.95178439072333,0.45515820518942623,hard:0;hard:1;hard:2;monte:0;monte:1;needle:0;needle:1;needle:2;needle:3;ruler_multineedle:0;ruler_multineedle:1;ruler_multineedle:2;ruler_variable:0;ruler_variable:1;ruler_variable:2;ruler_topicswitch:0;ruler_topicswitch:1;ruler_topicswitch:2,hard:0;monte:1;needle:0;needle:2;ruler_multineedle:1;ruler_multineedle:2;ruler_variable:0;ruler_variable:1;ruler_topicswitch:0
pairwise_le_0.0152867,18,9,9,47.688529992476106,53.763999487040564,0.45515820518942623,hard:0;hard:1;hard:2;hard:3;monte:0;needle:0;needle:1;needle:2;needle:3;ruler_multineedle:0;ruler_multineedle:1;ruler_multineedle:2;ruler_variable:0;ruler_variable:1;ruler_variable:2;ruler_topicswitch:0;ruler_topicswitch:1;ruler_topicswitch:2,hard:0;hard:3;needle:0;needle:2;ruler_multineedle:1;ruler_multineedle:2;ruler_variable:0;ruler_variable:1;ruler_topicswitch:0
ratio_le_1.18883,18,9,9,47.688529992476106,45.95178439072333,0.45515820518942623,hard:0;hard:1;hard:2;monte:0;monte:1;needle:0;needle:1;needle:2;needle:3;ruler_multineedle:0;ruler_multineedle:1;ruler_multineedle:2;ruler_variable:0;ruler_variable:1;ruler_variable:2;ruler_topicswitch:0;ruler_topicswitch:1;ruler_topicswitch:2,hard:0;monte:1;needle:0;needle:2;ruler_multineedle:1;ruler_multineedle:2;ruler_variable:0;ruler_variable:1;ruler_topicswitch:0
margin_le_0.0058938,17,8,9,42.738090141443536,45.95178439072333,0.40790924788565336,hard:0;hard:1;hard:2;monte:0;monte:1;needle:0;needle:1;needle:2;needle:3;ruler_multineedle:0;ruler_multineedle:1;ruler_multineedle:2;ruler_variable:0;ruler_variable:1;ruler_topicswitch:0;ruler_topicswitch:1;ruler_topicswitch:2,hard:0;monte:1;needle:0;needle:2;ruler_multineedle:1;ruler_multineedle:2;ruler_variable:0;ruler_variable:1;ruler_topicswitch:0
margin_le_0.0058938_and_ratio_le_1.18883,17,8,9,42.738090141443536,45.95178439072333,0.40790924788565336,hard:0;hard:1;hard:2;monte:0;monte:1;needle:0;needle:1;needle:2;needle:3;ruler_multineedle:0;ruler_multineedle:1;ruler_multineedle:2;ruler_variable:0;ruler_variable:1;ruler_topicswitch:0;ruler_topicswitch:1;ruler_topicswitch:2,hard:0;monte:1;needle:0;needle:2;ruler_multineedle:1;ruler_multineedle:2;ruler_variable:0;ruler_variable:1;ruler_topicswitch:0
margin_le_0.0058938_and_ratio_le_3.52516,17,8,9,42.738090141443536,45.95178439072333,0.40790924788565336,hard:0;hard:1;hard:2;monte:0;monte:1;needle:0;needle:1;needle:2;needle:3;ruler_multineedle:0;ruler_multineedle:1;ruler_multineedle:2;ruler_variable:0;ruler_variable:1;ruler_topicswitch:0;ruler_topicswitch:1;ruler_topicswitch:2,hard:0;monte:1;needle:0;needle:2;ruler_multineedle:1;ruler_multineedle:2;ruler_variable:0;ruler_variable:1;ruler_topicswitch:0
margin_le_0.0100904,19,9,10,47.688529992476106,57.08499589096755,0.45515820518942623,hard:0;hard:1;hard:2;hard:3;monte:0;monte:1;needle:0;needle:1;needle:2;needle:3;ruler_multineedle:0;ruler_multineedle:1;ruler_multineedle:2;ruler_variable:0;ruler_variable:1;ruler_variable:2;ruler_topicswitch:0;ruler_topicswitch:1;ruler_topicswitch:2,hard:0;hard:3;monte:1;needle:0;needle:2;ruler_multineedle:1;ruler_multineedle:2;ruler_variable:0;ruler_variable:1;ruler_topicswitch:0
margin_le_0.0100904_and_ratio_le_3.52516,19,9,10,47.688529992476106,57.08499589096755,0.45515820518942623,hard:0;hard:1;hard:2;hard:3;monte:0;monte:1;needle:0;needle:1;needle:2;needle:3;ruler_multineedle:0;ruler_multineedle:1;ruler_multineedle:2;ruler_variable:0;ruler_variable:1;ruler_variable:2;ruler_topicswitch:0;ruler_topicswitch:1;ruler_topicswitch:2,hard:0;hard:3;monte:1;needle:0;needle:2;ruler_multineedle:1;ruler_multineedle:2;ruler_variable:0;ruler_variable:1;ruler_topicswitch:0
pairwise_le_0.0154698,19,9,10,47.688529992476106,57.08499589096755,0.45515820518942623,hard:0;hard:1;hard:2;hard:3;monte:0;monte:1;needle:0;needle:1;needle:2;needle:3;ruler_multineedle:0;ruler_multineedle:1;ruler_multineedle:2;ruler_variable:0;ruler_variable:1;ruler_variable:2;ruler_topicswitch:0;ruler_topicswitch:1;ruler_topicswitch:2,hard:0;hard:3;monte:1;needle:0;needle:2;ruler_multineedle:1;ruler_multineedle:2;ruler_variable:0;ruler_variable:1;ruler_topicswitch:0
ratio_le_3.52516,19,9,10,47.688529992476106,57.08499589096755,0.45515820518942623,hard:0;hard:1;hard:2;hard:3;monte:0;monte:1;needle:0;needle:1;needle:2;needle:3;ruler_multineedle:0;ruler_multineedle:1;ruler_multineedle:2;ruler_variable:0;ruler_variable:1;ruler_variable:2;ruler_topicswitch:0;ruler_topicswitch:1;ruler_topicswitch:2,hard:0;hard:3;monte:1;needle:0;needle:2;ruler_multineedle:1;ruler_multineedle:2;ruler_variable:0;ruler_variable:1;ruler_topicswitch:0
